Q,A,label
책 대출은 몇권까지 가능하죠?,"학부생은 10권, 대학원생은 30권 가능합니다. 자세한 정보는 아래 링크를 참고해 주세요. https://honors.hongik.ac.kr/local/html/new_01",0
책 대출은 몇권까지 되나요?,"학부생은 10권, 대학원생은 30권 가능합니다. 자세한 정보는 아래 링크를 참고해 주세요. https://honors.hongik.ac.kr/local/html/new_01",0
책은 몇권까지 빌릴 수 있나요?,"학부생은 10권, 대학원생은 30권 가능합니다. 자세한 정보는 아래 링크를 참고해 주세요. https://honors.hongik.ac.kr/local/html/new_01",0
책은 몇권 대출할 수 있어?,"학부생은 10권, 대학원생은 30권 가능합니다. 자세한 정보는 아래 링크를 참고해 주세요. https://honors.hongik.ac.kr/local/html/new_01",0
책은 몇권 대출 가능해?,"학부생은 10권, 대학원생은 30권 가능합니다. 자세한 정보는 아래 링크를 참고해 주세요. https://honors.hongik.ac.kr/local/html/new_01",0
학부생은 책 몇권까지 대출 가능해?,10권 까지 가능합니다. 자세한 정보는 아래 링크를 참고해 주세요. https://honors.hongik.ac.kr/local/html/new_01,0
"학부생인데, 책 몇 권이나 빌릴수 있지?",10권 까지 가능합니다. 자세한 정보는 아래 링크를 참고해 주세요. https://honors.hongik.ac.kr/local/html/new_01,0
학부생은 책 대출 얼마나 돼?,10권 까지 가능합니다. 자세한 정보는 아래 링크를 참고해 주세요. https://honors.hongik.ac.kr/local/html/new_01,0
학부생은 책 얼마나 빌릴 수 있어?,10권 까지 가능합니다. 자세한 정보는 아래 링크를 참고해 주세요. https://honors.hongik.ac.kr/local/html/new_01,0
학부생으로서 얼마나 많은 책을 대출받을 수 있나요?,10권 까지 가능합니다. 자세한 정보는 아래 링크를 참고해 주세요. https://honors.hongik.ac.kr/local/html/new_01,0
학부생이 대출할 수 있는 책의 최대 갯수는 얼마인가요?,10권 까지 가능합니다. 자세한 정보는 아래 링크를 참고해 주세요. https://honors.hongik.ac.kr/local/html/new_01,0
"학부생이라면, 한 번에 몇 권의 책을 대출받을 수 있나요?",10권 까지 가능합니다. 자세한 정보는 아래 링크를 참고해 주세요. https://honors.hongik.ac.kr/local/html/new_01,0
"학부생으로서, 도서관에서 한 번에 얼마나 많은 책을 빌릴 수 있을까요?",10권 까지 가능합니다. 자세한 정보는 아래 링크를 참고해 주세요. https://honors.hongik.ac.kr/local/html/new_01,0
학부생이 도서관에서 대출 가능한 책의 수는 얼마나 되나요?,10권 까지 가능합니다. 자세한 정보는 아래 링크를 참고해 주세요. https://honors.hongik.ac.kr/local/html/new_01,0
학부생이라면 도서관에서 책을 얼마나 많이 대출할 수 있을까요?,10권 까지 가능합니다. 자세한 정보는 아래 링크를 참고해 주세요. https://honors.hongik.ac.kr/local/html/new_01,0
"대학원생인데, 책 몇 권 빌릴 수 있음?",30권 까지 대출 가능합니다. 자세한 정보는 아래 링크를 참고해 주세요. https://honors.hongik.ac.kr/local/html/new_01,0
"대학원생인데, 책 몇 권 대출 가능한가요?",30권 까지 대출 가능합니다. 자세한 정보는 아래 링크를 참고해 주세요. https://honors.hongik.ac.kr/local/html/new_01,0
"대학원생으로서, 얼마나 많은 책을 빌릴 수 있나요",30권 까지 대출 가능합니다. 자세한 정보는 아래 링크를 참고해 주세요. https://honors.hongik.ac.kr/local/html/new_01,0
대학원생이 대출할 수 있는 책의 최대 권수는 몇 권인가요,30권 까지 대출 가능합니다. 자세한 정보는 아래 링크를 참고해 주세요. https://honors.hongik.ac.kr/local/html/new_01,0
"대학원생이라면, 한 번에 몇 권의 책을 대출받을 수 있나요",30권 까지 대출 가능합니다. 자세한 정보는 아래 링크를 참고해 주세요. https://honors.hongik.ac.kr/local/html/new_01,0
대학원생인 저는 도서관에서 최대 몇 권의 책을 빌릴 수 있을까요?,30권 까지 대출 가능합니다. 자세한 정보는 아래 링크를 참고해 주세요. https://honors.hongik.ac.kr/local/html/new_01,0
대학원생의 대출 가능한 책의 수는 몇 권인가요?,30권 까지 대출 가능합니다. 자세한 정보는 아래 링크를 참고해 주세요. https://honors.hongik.ac.kr/local/html/new_01,0
"대학원생으로서, 도서관에서 한 번에 얼마나 많은 책을 빌릴 수 있을까요?",30권 까지 대출 가능합니다. 자세한 정보는 아래 링크를 참고해 주세요. https://honors.hongik.ac.kr/local/html/new_01,0
대학원생이 도서관에서 대출 가능한 책의 수는 얼마나 되나요?,30권 까지 대출 가능합니다. 자세한 정보는 아래 링크를 참고해 주세요. https://honors.hongik.ac.kr/local/html/new_01,0
대학원생이라면 도서관에서 책을 얼마나 많이 대출할 수 있을까요?,30권 까지 대출 가능합니다. 자세한 정보는 아래 링크를 참고해 주세요. https://honors.hongik.ac.kr/local/html/new_01,0
"대학원생의 경우, 한 번에 대출받을 수 있는 책은 최대 몇 권인가요?",30권 까지 대출 가능합니다. 자세한 정보는 아래 링크를 참고해 주세요. https://honors.hongik.ac.kr/local/html/new_01,0
대학원생인 저는 최대 얼마나 많은 책을 도서관에서 대출받을 수 있나요?,30권 까지 대출 가능합니다. 자세한 정보는 아래 링크를 참고해 주세요. https://honors.hongik.ac.kr/local/html/new_01,0
도서관의 개방 시간은 언제인가요?,"학기 중: 9시 - 20시 방학: 9시 - 17시, 토요일: 9시 -15시 운영합니다. 링크를 참고하세요. https://honors.hongik.ac.kr/local/html/hour",0
도서관 운영 시간이 어떻게 됩니까?,"학기 중: 9시 - 20시 방학: 9시 - 17시, 토요일: 9시 -15시 운영합니다. 링크를 참고하세요. https://honors.hongik.ac.kr/local/html/hour",0
도서관 운영 시간 좀 알려주세요.,"학기 중: 9시 - 20시 방학: 9시 - 17시, 토요일: 9시 -15시 운영합니다. 링크를 참고하세요. https://honors.hongik.ac.kr/local/html/hour",0
도서관 몇시까지 하나요?,"학기 중: 9시 - 20시 방학: 9시 - 17시, 토요일: 9시 -15시 운영합니다. 링크를 참고하세요. https://honors.hongik.ac.kr/local/html/hour",0
도서관 몇시까지 문 여나요?,"학기 중: 9시 - 20시 방학: 9시 - 17시, 토요일: 9시 -15시 운영합니다. 링크를 참고하세요. https://honors.hongik.ac.kr/local/html/hour",0
도서관 몇 시에 마감해요?,"학기 중: 9시 - 20시 방학: 9시 - 17시, 토요일: 9시 -15시 운영합니다. 링크를 참고하세요. https://honors.hongik.ac.kr/local/html/hour",0
도서관의 개방 시간은 언제인가요?,"학기 중: 9시 - 20시 방학: 9시 - 17시, 토요일: 9시 -15시 운영합니다. 링크를 참고하세요. https://honors.hongik.ac.kr/local/html/hour",0
도서관 몇 시에 닫아요?,"학기 중: 9시 - 20시 방학: 9시 - 17시, 토요일: 9시 -15시 운영합니다. 링크를 참고하세요. https://honors.hongik.ac.kr/local/html/hour",0
몇시까지 운영하나요?,"학기 중: 9시 - 20시 방학: 9시 - 17시, 토요일: 9시 -15시 운영합니다. 링크를 참고하세요. https://honors.hongik.ac.kr/local/html/hour",0
도서관 몇 시 에 문 닫나요?,"학기 중: 9시 - 20시 방학: 9시 - 17시, 토요일: 9시 -15시 운영합니다. 링크를 참고하세요. https://honors.hongik.ac.kr/local/html/hour",0
운영시간은 어떻게 되죠?,"학기 중: 9시 - 20시 방학: 9시 - 17시, 토요일: 9시 -15시 운영합니다. 링크를 참고하세요. https://honors.hongik.ac.kr/local/html/hour",0
방학땐 도서관 몇시까지 해요?,"학기 중: 9시 - 20시 방학: 9시 - 17시, 토요일: 9시 -15시 운영합니다. 링크를 참고하세요. https://honors.hongik.ac.kr/local/html/hour",0
방학에는 도서관 운영시간이 변경되나요?,"학기 중: 9시 - 20시 방학: 9시 - 17시, 토요일: 9시 -15시 운영합니다. 링크를 참고하세요. https://honors.hongik.ac.kr/local/html/hour",0
주말에는 도서관 문 언제 여나요?,"학기 중: 9시 - 20시 방학: 9시 - 17시, 토요일: 9시 -15시 운영합니다. 링크를 참고하세요. https://honors.hongik.ac.kr/local/html/hour",0
주말에도 도서관 운영 하나요?,"학기 중: 9시 - 20시 방학: 9시 - 17시, 토요일: 9시 -15시 운영합니다. 링크를 참고하세요. https://honors.hongik.ac.kr/local/html/hour",0
토요일엔 도서관 몇 시까지 하나요?,"학기 중: 9시 - 20시 방학: 9시 - 17시, 토요일: 9시 -15시 운영합니다. 링크를 참고하세요. https://honors.hongik.ac.kr/local/html/hour",0
토요일도 도서관 하나요?,"학기 중: 9시 - 20시 방학: 9시 - 17시, 토요일: 9시 -15시 운영합니다. 링크를 참고하세요. https://honors.hongik.ac.kr/local/html/hour",0
방학엔 영업시간이 어떻게 되죠?,"학기 중: 9시 - 20시 방학: 9시 - 17시, 토요일: 9시 -15시 운영합니다. 링크를 참고하세요. https://honors.hongik.ac.kr/local/html/hour",0
몇시까지 이용 가능?,"학기 중: 9시 - 20시 방학: 9시 - 17시, 토요일: 9시 -15시 운영합니다. 링크를 참고하세요. https://honors.hongik.ac.kr/local/html/hour",0
몇시에 문닫아요?,"학기 중: 9시 - 20시 방학: 9시 - 17시, 토요일: 9시 -15시 운영합니다. 링크를 참고하세요. https://honors.hongik.ac.kr/local/html/hour",0
도서관 이용 시간이 어떻게 되나요?,"학기 중: 9시 - 20시 방학: 9시 - 17시, 토요일: 9시 -15시 운영합니다. 링크를 참고하세요. https://honors.hongik.ac.kr/local/html/hour",0
도서관 운영 시간이 어떻게 되죠?,"학기 중: 9시 - 20시 방학: 9시 - 17시, 토요일: 9시 -15시 운영합니다. 링크를 참고하세요. https://honors.hongik.ac.kr/local/html/hour",0
도서관 영업시간좀 알려주세요.,"학기 중: 9시 - 20시 방학: 9시 - 17시, 토요일: 9시 -15시 운영합니다. 링크를 참고하세요. https://honors.hongik.ac.kr/local/html/hour",0
몇시까지 하나요?,"학기 중: 9시 - 20시 방학: 9시 - 17시, 토요일: 9시 -15시 운영합니다. 링크를 참고하세요. https://honors.hongik.ac.kr/local/html/hour",0
도서관 운영 시간좀 알려줘요.,"학기 중: 9시 - 20시 방학: 9시 - 17시, 토요일: 9시 -15시 운영합니다. 링크를 참고하세요. https://honors.hongik.ac.kr/local/html/hour",0
방학에도 도서관 하나요?,"학기 중: 9시 - 20시 방학: 9시 - 17시, 토요일: 9시 -15시 운영합니다. 링크를 참고하세요. https://honors.hongik.ac.kr/local/html/hour",0
주말엔 몇시까지 하나요?,"학기 중: 9시 - 20시 방학: 9시 - 17시, 토요일: 9시 -15시 운영합니다. 링크를 참고하세요. https://honors.hongik.ac.kr/local/html/hour",0
주말엔 도서관 운영 시간이 어떻게 되나요?,"학기 중: 9시 - 20시 방학: 9시 - 17시, 토요일: 9시 -15시 운영합니다. 링크를 참고하세요. https://honors.hongik.ac.kr/local/html/hour",0
방학엔 도서관 운영시간이 바뀌나요?,"학기 중: 9시 - 20시 방학: 9시 - 17시, 토요일: 9시 -15시 운영합니다. 링크를 참고하세요. https://honors.hongik.ac.kr/local/html/hour",0
운영은 몇시까지 하나요?,"학기 중: 9시 - 20시 방학: 9시 - 17시, 토요일: 9시 -15시 운영합니다. 링크를 참고하세요. https://honors.hongik.ac.kr/local/html/hour",0
책 추천좀 해주세요,사서추천자료: https://honors.hongik.ac.kr/newbook/list 도서관추천자료: https://honors.hongik.ac.kr/local/html/libRecom,0
재미있는 책 추천좀 해줘,사서추천자료: https://honors.hongik.ac.kr/newbook/list 도서관추천자료: https://honors.hongik.ac.kr/local/html/libRecom,0
요즘 어떤 책이 인기있나요?,사서추천자료: https://honors.hongik.ac.kr/newbook/list 도서관추천자료: https://honors.hongik.ac.kr/local/html/libRecom,0
요즘 베스트셀러 책들은 어떤 것들이 있죠?,사서추천자료: https://honors.hongik.ac.kr/newbook/list 도서관추천자료: https://honors.hongik.ac.kr/local/html/libRecom,0
도서 추천 좀 해주세요.,사서추천자료: https://honors.hongik.ac.kr/newbook/list 도서관추천자료: https://honors.hongik.ac.kr/local/html/libRecom,0
추천좀 해주세요,사서추천자료: https://honors.hongik.ac.kr/newbook/list 도서관추천자료: https://honors.hongik.ac.kr/local/html/libRecom,0
도서관에는 이용자들에게 도서 추천을 해주고 있나요?,사서추천자료: https://honors.hongik.ac.kr/newbook/list 도서관추천자료: https://honors.hongik.ac.kr/local/html/libRecom,0
도서 추천좀 부탁드립니다.,사서추천자료: https://honors.hongik.ac.kr/newbook/list 도서관추천자료: https://honors.hongik.ac.kr/local/html/libRecom,0
책 추천좀 부탁드립니다.,사서추천자료: https://honors.hongik.ac.kr/newbook/list 도서관추천자료: https://honors.hongik.ac.kr/local/html/libRecom,0
인기있는 책 추천좀 부탁드려요,사서추천자료: https://honors.hongik.ac.kr/newbook/list 도서관추천자료: https://honors.hongik.ac.kr/local/html/libRecom,0
어떤 책들이 요즘 인기있나요?,사서추천자료: https://honors.hongik.ac.kr/newbook/list 도서관추천자료: https://honors.hongik.ac.kr/local/html/libRecom,0
책 추천을 부탁드립니다.,사서추천자료: https://honors.hongik.ac.kr/newbook/list 도서관추천자료: https://honors.hongik.ac.kr/local/html/libRecom,0
도서관의 자료는 어떻게 검색하면 될까요?,도서관 홈페이지에서 통합검색 탭을 통해 도서관의 모든 자료를 이용하실 수 있습니다. 도서 검색 링크입니다. https://honors.hongik.ac.kr/search/tot,0
책 검색을 하고 싶어요,도서관 홈페이지에서 통합검색 탭을 통해 도서관의 모든 자료를 이용하실 수 있습니다. 도서 검색 링크입니다. https://honors.hongik.ac.kr/search/tot,0
이 책 좀 찾아줘,도서관 홈페이지에서 통합검색 탭을 통해 도서관의 모든 자료를 이용하실 수 있습니다. 도서 검색 링크입니다. https://honors.hongik.ac.kr/search/tot,0
이 책 어떻게 찾아요?,도서관 홈페이지에서 통합검색 탭을 통해 도서관의 모든 자료를 이용하실 수 있습니다. 도서 검색 링크입니다. https://honors.hongik.ac.kr/search/tot,0
책 좀 찾아주세요,도서관 홈페이지에서 통합검색 탭을 통해 도서관의 모든 자료를 이용하실 수 있습니다. 도서 검색 링크입니다. https://honors.hongik.ac.kr/search/tot,0
이라는 책을 찾고 있는데요,도서관 홈페이지에서 통합검색 탭을 통해 도서관의 모든 자료를 이용하실 수 있습니다. 도서 검색 링크입니다. https://honors.hongik.ac.kr/search/tot,0
이 책 어떻게 찾죠?,도서관 홈페이지에서 통합검색 탭을 통해 도서관의 모든 자료를 이용하실 수 있습니다. 도서 검색 링크입니다. https://honors.hongik.ac.kr/search/tot,0
도서 검색을 하고싶어요,도서관 홈페이지에서 통합검색 탭을 통해 도서관의 모든 자료를 이용하실 수 있습니다. 도서 검색 링크입니다. https://honors.hongik.ac.kr/search/tot,0
논문 어떻게 찾아요?,도서관 홈페이지에서 통합검색 탭을 통해 도서관의 모든 자료를 이용하실 수 있습니다. 도서 검색 링크입니다. https://honors.hongik.ac.kr/search/tot,0
학위논문 어떻게 찾나요?,도서관 홈페이지에서 통합검색 탭을 통해 도서관의 모든 자료를 이용하실 수 있습니다. 도서 검색 링크입니다. https://honors.hongik.ac.kr/search/tot,0
전자자료 어디서 검색하나요?,도서관 홈페이지에서 통합검색 탭을 통해 도서관의 모든 자료를 이용하실 수 있습니다. 도서 검색 링크입니다. https://honors.hongik.ac.kr/search/tot,0
책을 검색하고 싶습니다,도서관 홈페이지에서 통합검색 탭을 통해 도서관의 모든 자료를 이용하실 수 있습니다. 도서 검색 링크입니다. https://honors.hongik.ac.kr/search/tot,0
이런 책을 찾고 있어요,도서관 홈페이지에서 통합검색 탭을 통해 도서관의 모든 자료를 이용하실 수 있습니다. 도서 검색 링크입니다. https://honors.hongik.ac.kr/search/tot,0
이라는 책을 검색하고 싶은데요,도서관 홈페이지에서 통합검색 탭을 통해 도서관의 모든 자료를 이용하실 수 있습니다. 도서 검색 링크입니다. https://honors.hongik.ac.kr/search/tot,0
책을 반납하지 않으면 어떤 벌금이 부과되나요?,대출 연체에 대한 연체료가 부과됩니다. 1일에 100원입니다.,0
도서 연체 시 어떤 제재를 받게 되나요?,대출 연체에 대한 연체료가 부과됩니다. 1일에 100원입니다.,0
도서 연체에 대한 벌금은 어떻게 결정되나요?,대출 연체에 대한 연체료가 부과됩니다. 1일에 100원입니다.,0
도서 연체로 인한 벌금은 어디에 사용되나요?,대출 연체에 대한 연체료가 부과됩니다. 1일에 100원입니다.,0
도서 연체 시 어떤 절차를 거치게 되나요?,대출 연체에 대한 연체료가 부과됩니다. 1일에 100원입니다.,0
도서 연체에 대한 벌금은 어떻게 납부하나요?,대출 연체에 대한 연체료가 부과됩니다. 1일에 100원입니다.,0
도서 연체 시에는 어떤 문제가 발생할 수 있나요?,대출 연체에 대한 연체료가 부과됩니다. 1일에 100원입니다.,0
도서 연체를 피하기 위한 방법은 무엇인가요?,대출 연체에 대한 연체료가 부과됩니다. 1일에 100원입니다.,0
도서를 늦게 반납하면 어떤 일이 벌어지나요?,대출 연체에 대한 연체료가 부과됩니다. 1일에 100원입니다.,0
책을 늦게 돌려주면 어떻게 알려주는 건가요?,대출 연체에 대한 연체료가 부과됩니다. 1일에 100원입니다.,0
책을 늦게 반납했을 때 벌금은 어떻게 정해지는 건가요?,대출 연체에 대한 연체료가 부과됩니다. 1일에 100원입니다.,0
이미 늦게 돌려준 책을 더 늦게 돌려도 될까요?,대출 연체에 대한 연체료가 부과됩니다. 1일에 100원입니다.,0
책을 늦게 반납하면 도서관 이용에 제한이 있나요?,대출 연체에 대한 연체료가 부과됩니다. 1일에 100원입니다.,0
도서 연체로 내는 벌금은 어디에 쓰이는 건가요?,대출 연체에 대한 연체료가 부과됩니다. 1일에 100원입니다.,0
책을 늦게 돌려주면 어떤 과정을 거치는 건가요?,대출 연체에 대한 연체료가 부과됩니다. 1일에 100원입니다.,0
책을 늦게 돌려준 벌금은 어떻게 내는 건가요?,대출 연체에 대한 연체료가 부과됩니다. 1일에 100원입니다.,0
책을 늦게 돌려주면 어떤 문제가 생기나요?,대출 연체에 대한 연체료가 부과됩니다. 1일에 100원입니다.,0
책을 늦게 돌려주지 않으려면 어떻게 해야 하나요?,대출 연체에 대한 연체료가 부과됩니다. 1일에 100원입니다.,0
도서관에서는 어떤 서비스를 제공하나요?,"도서 대출, 전자책 대여, 도서구입신청, 원문복사, 상호대차, 공동학습실 대여 등 다양한 서비스를 제공하고 있습니다. 자세한 정보는 도서관 홈페이지를 참고해주세요! 바로가기: https://honors.hongik.ac.kr/",0
어떤 서비스가 있죠 도서관에는?,"도서 대출, 전자책 대여, 도서구입신청, 원문복사, 상호대차, 공동학습실 대여 등 다양한 서비스를 제공하고 있습니다. 자세한 정보는 도서관 홈페이지를 참고해주세요! 바로가기: https://honors.hongik.ac.kr/",0
도서관에서 제공하는 주요 서비스는 무엇인가요?,"도서 대출, 전자책 대여, 도서구입신청, 원문복사, 상호대차, 공동학습실 대여 등 다양한 서비스를 제공하고 있습니다. 자세한 정보는 도서관 홈페이지를 참고해주세요! 바로가기: https://honors.hongik.ac.kr/",0
도서관 이용자를 위한 특별한 프로그램이 있나요?,"도서 대출, 전자책 대여, 도서구입신청, 원문복사, 상호대차, 공동학습실 대여 등 다양한 서비스를 제공하고 있습니다. 자세한 정보는 도서관 홈페이지를 참고해주세요! 바로가기: https://honors.hongik.ac.kr/",0
도서관에서는 어떤 종류의 자료를 이용할 수 있나요?,"도서 대출, 전자책 대여, 도서구입신청, 원문복사, 상호대차, 공동학습실 대여 등 다양한 서비스를 제공하고 있습니다. 자세한 정보는 도서관 홈페이지를 참고해주세요! 바로가기: https://honors.hongik.ac.kr/",0
도서관에서는 학술 정보에 대한 검색 도움을 받을 수 있나요?,"도서 대출, 전자책 대여, 도서구입신청, 원문복사, 상호대차, 공동학습실 대여 등 다양한 서비스를 제공하고 있습니다. 자세한 정보는 도서관 홈페이지를 참고해주세요! 바로가기: https://honors.hongik.ac.kr/",0
도서관에서는 어떤 형태의 학습 공간을 제공하나요?,"도서 대출, 전자책 대여, 도서구입신청, 원문복사, 상호대차, 공동학습실 대여 등 다양한 서비스를 제공하고 있습니다. 자세한 정보는 도서관 홈페이지를 참고해주세요! 바로가기: https://honors.hongik.ac.kr/",0
도서관에서는 어떤 행사나 워크샵을 주최하나요?,"도서 대출, 전자책 대여, 도서구입신청, 원문복사, 상호대차, 공동학습실 대여 등 다양한 서비스를 제공하고 있습니다. 자세한 정보는 도서관 홈페이지를 참고해주세요! 바로가기: https://honors.hongik.ac.kr/",0
도서관에서는 디지털 자료에 대한 접근이 가능한가요?,"도서 대출, 전자책 대여, 도서구입신청, 원문복사, 상호대차, 공동학습실 대여 등 다양한 서비스를 제공하고 있습니다. 자세한 정보는 도서관 홈페이지를 참고해주세요! 바로가기: https://honors.hongik.ac.kr/",0
도서관에서는 어떤 독서 교육 프로그램이 있나요?,"도서 대출, 전자책 대여, 도서구입신청, 원문복사, 상호대차, 공동학습실 대여 등 다양한 서비스를 제공하고 있습니다. 자세한 정보는 도서관 홈페이지를 참고해주세요! 바로가기: https://honors.hongik.ac.kr/",0
도서관 이용자를 위해 어떤 학습 자료를 제공하나요?,"도서 대출, 전자책 대여, 도서구입신청, 원문복사, 상호대차, 공동학습실 대여 등 다양한 서비스를 제공하고 있습니다. 자세한 정보는 도서관 홈페이지를 참고해주세요! 바로가기: https://honors.hongik.ac.kr/",0
도서관에서는 어떤 종류의 도서 대출 서비스를 제공하나요?,"도서 대출, 전자책 대여, 도서구입신청, 원문복사, 상호대차, 공동학습실 대여 등 다양한 서비스를 제공하고 있습니다. 자세한 정보는 도서관 홈페이지를 참고해주세요! 바로가기: https://honors.hongik.ac.kr/",0
도서관에서 뭐 좋은 서비스 있나요?,"도서 대출, 전자책 대여, 도서구입신청, 원문복사, 상호대차, 공동학습실 대여 등 다양한 서비스를 제공하고 있습니다. 자세한 정보는 도서관 홈페이지를 참고해주세요! 바로가기: https://honors.hongik.ac.kr/",0
도서관에서 특별하게 이용자들 위해 준비한 건 뭐 있나요?,"도서 대출, 전자책 대여, 도서구입신청, 원문복사, 상호대차, 공동학습실 대여 등 다양한 서비스를 제공하고 있습니다. 자세한 정보는 도서관 홈페이지를 참고해주세요! 바로가기: https://honors.hongik.ac.kr/",0
도서관에서 빌릴 수 있는 서적이나 자료 종류는 뭐가 있나요?,"도서 대출, 전자책 대여, 도서구입신청, 원문복사, 상호대차, 공동학습실 대여 등 다양한 서비스를 제공하고 있습니다. 자세한 정보는 도서관 홈페이지를 참고해주세요! 바로가기: https://honors.hongik.ac.kr/",0
도서관에서 찾고 싶은 자료 찾는 거 도와주나요?,"도서 대출, 전자책 대여, 도서구입신청, 원문복사, 상호대차, 공동학습실 대여 등 다양한 서비스를 제공하고 있습니다. 자세한 정보는 도서관 홈페이지를 참고해주세요! 바로가기: https://honors.hongik.ac.kr/",0
도서관에서 공부할 수 있는 공간이 어떤 게 있나요?,"도서 대출, 전자책 대여, 도서구입신청, 원문복사, 상호대차, 공동학습실 대여 등 다양한 서비스를 제공하고 있습니다. 자세한 정보는 도서관 홈페이지를 참고해주세요! 바로가기: https://honors.hongik.ac.kr/",0
도서관에서 어떤 행사나 워크샵 하는지 알 수 있을까요?,"도서 대출, 전자책 대여, 도서구입신청, 원문복사, 상호대차, 공동학습실 대여 등 다양한 서비스를 제공하고 있습니다. 자세한 정보는 도서관 홈페이지를 참고해주세요! 바로가기: https://honors.hongik.ac.kr/",0
도서관에서 디지털 자료도 볼 수 있나요?,"도서 대출, 전자책 대여, 도서구입신청, 원문복사, 상호대차, 공동학습실 대여 등 다양한 서비스를 제공하고 있습니다. 자세한 정보는 도서관 홈페이지를 참고해주세요! 바로가기: https://honors.hongik.ac.kr/",0
도서관에서 독서에 대해 배울 수 있는 프로그램 있나요?,"도서 대출, 전자책 대여, 도서구입신청, 원문복사, 상호대차, 공동학습실 대여 등 다양한 서비스를 제공하고 있습니다. 자세한 정보는 도서관 홈페이지를 참고해주세요! 바로가기: https://honors.hongik.ac.kr/",0
도서관에서 공부할 때 도움 될만한 자료 준비해놓나요?,"도서 대출, 전자책 대여, 도서구입신청, 원문복사, 상호대차, 공동학습실 대여 등 다양한 서비스를 제공하고 있습니다. 자세한 정보는 도서관 홈페이지를 참고해주세요! 바로가기: https://honors.hongik.ac.kr/",0
도서관에서 책 빌리는 방법이 어떻게 되나요?,"도서 대출, 전자책 대여, 도서구입신청, 원문복사, 상호대차, 공동학습실 대여 등 다양한 서비스를 제공하고 있습니다. 자세한 정보는 도서관 홈페이지를 참고해주세요! 바로가기: https://honors.hongik.ac.kr/",0
도서관에서 개인적인 물건을 가지고 들어가도 되나요?,당연히 가능합니다. 하지만 분실 위험이 있으니 자리를 비울 땐 주의해 주세요.,0
개인 물건을 가지고 들어가도 되나요?,당연히 가능합니다. 하지만 분실 위험이 있으니 자리를 비울 땐 주의해 주세요.,0
개인 소지품을 도서관 내부로 가져갈 수 있는가요?,당연히 가능합니다. 하지만 분실 위험이 있으니 자리를 비울 땐 주의해 주세요.,0
도서관 이용 시 개인 물건을 가지고 입장하는 것이 허용되나요?,당연히 가능합니다. 하지만 분실 위험이 있으니 자리를 비울 땐 주의해 주세요.,0
도서관에 개인 물품을 가지고 들어가는 것은 가능한가요?,당연히 가능합니다. 하지만 분실 위험이 있으니 자리를 비울 땐 주의해 주세요.,0
도서관에 진입할 때 개인 소지품을 가지고 들어갈 수 있을까요?,당연히 가능합니다. 하지만 분실 위험이 있으니 자리를 비울 땐 주의해 주세요.,0
도서관에서는 개인 물품의 반입이 가능한가요?,당연히 가능합니다. 하지만 분실 위험이 있으니 자리를 비울 땐 주의해 주세요.,0
도서관 내부로 개인 소지품을 입장시키는 것은 허용되나요?,당연히 가능합니다. 하지만 분실 위험이 있으니 자리를 비울 땐 주의해 주세요.,0
도서관의 입장 규정 중 개인 물품 반입에 대한 정책은 어떠한가요?,당연히 가능합니다. 하지만 분실 위험이 있으니 자리를 비울 땐 주의해 주세요.,0
도서관 이용 중 개인 소지품을 가지고 있다면 문제가 되나요?,당연히 가능합니다. 하지만 분실 위험이 있으니 자리를 비울 땐 주의해 주세요.,0
도서관에 접근할 때 개인 물품을 가지고 가도 되는가요?,당연히 가능합니다. 하지만 분실 위험이 있으니 자리를 비울 땐 주의해 주세요.,0
도서관의 규정상 개인 물품의 반입이 가능한가요?,당연히 가능합니다. 하지만 분실 위험이 있으니 자리를 비울 땐 주의해 주세요.,0
도서관에 개인 물건 가지고 들어가도 돼요?,당연히 가능합니다. 하지만 분실 위험이 있으니 자리를 비울 땐 주의해 주세요.,0
도서관에 가면 개인 물건 가지고 들어갈 수 있나요?,당연히 가능합니다. 하지만 분실 위험이 있으니 자리를 비울 땐 주의해 주세요.,0
도서관에 뭐 좀 가지고 가려고 하는데 괜찮을까요?,당연히 가능합니다. 하지만 분실 위험이 있으니 자리를 비울 땐 주의해 주세요.,0
도서관에 내 물건 가지고 들어가도 상관 없나요?,당연히 가능합니다. 하지만 분실 위험이 있으니 자리를 비울 땐 주의해 주세요.,0
도서관에 가면 내 물건 가지고 들어가도 되나요?,당연히 가능합니다. 하지만 분실 위험이 있으니 자리를 비울 땐 주의해 주세요.,0
도서관에서는 내 물건 가지고 들어가도 될까요?,당연히 가능합니다. 하지만 분실 위험이 있으니 자리를 비울 땐 주의해 주세요.,0
도서관에 가려는데 뭐 좀 가지고 가도 될까요?,당연히 가능합니다. 하지만 분실 위험이 있으니 자리를 비울 땐 주의해 주세요.,0
도서관에 내 물건 가지고 가도 문제 없을까요?,당연히 가능합니다. 하지만 분실 위험이 있으니 자리를 비울 땐 주의해 주세요.,0
도서관에 가면 내 물건 가지고 가도 상관 없어요?,당연히 가능합니다. 하지만 분실 위험이 있으니 자리를 비울 땐 주의해 주세요.,0
도서관에 뭐 좀 가지고 가려는데 될까요?,당연히 가능합니다. 하지만 분실 위험이 있으니 자리를 비울 땐 주의해 주세요.,0
논문 작성에 대한 팁을 얻고 싶어요,논문작성가이드: https://honors.hongik.ac.kr/local/html/thesis_01,0
논문 작성에 있어서 중요한 팁은 무엇인가요?,논문작성가이드: https://honors.hongik.ac.kr/local/html/thesis_01,0
논문 작성 시 어떤 절차를 따르는 것이 효과적인가요?,논문작성가이드: https://honors.hongik.ac.kr/local/html/thesis_01,0
논문 작성에 있어서 연구 주제 선정에 대한 조언을 받고 싶습니다.,논문작성가이드: https://honors.hongik.ac.kr/local/html/thesis_01,0
논문 작성 시 참고문헌을 어떻게 관리하고 정리하는 것이 좋은가요?,논문작성가이드: https://honors.hongik.ac.kr/local/html/thesis_01,0
논문의 구조나 흐름을 잘 짜는 방법에 대한 팁이 있다면 알려주세요.,논문작성가이드: https://honors.hongik.ac.kr/local/html/thesis_01,0
논문 작성 과정에서 흔히 하는 실수와 그것을 피하는 방법은 무엇인가요?,논문작성가이드: https://honors.hongik.ac.kr/local/html/thesis_01,0
논문 작성 시 논리적인 주장을 잘 표현하는 방법은 무엇인가요?,논문작성가이드: https://honors.hongik.ac.kr/local/html/thesis_01,0
논문 작성에 있어서 중요하게 생각해야 할 점은 무엇인가요?,논문작성가이드: https://honors.hongik.ac.kr/local/html/thesis_01,0
논문 작성 시 어떤 부분에 가장 많은 시간과 노력을 투자해야 하나요?,논문작성가이드: https://honors.hongik.ac.kr/local/html/thesis_01,0
논문 작성에 있어 효율적인 시간 관리 방법에 대한 조언이 필요합니다.,논문작성가이드: https://honors.hongik.ac.kr/local/html/thesis_01,0
논문 쓸 때 꿀팁 좀 알려주세요.,논문작성가이드: https://honors.hongik.ac.kr/local/html/thesis_01,0
논문 작성할 때 어떻게 하면 잘 쓸 수 있을까요?,논문작성가이드: https://honors.hongik.ac.kr/local/html/thesis_01,0
논문 주제 어떻게 정하면 좋을까요?,논문작성가이드: https://honors.hongik.ac.kr/local/html/thesis_01,0
논문 참고문헌 관리 팁 좀 알려주세요.,논문작성가이드: https://honors.hongik.ac.kr/local/html/thesis_01,0
논문 구조 짤 때 노하우 좀 알려주세요.,논문작성가이드: https://honors.hongik.ac.kr/local/html/thesis_01,0
논문 쓸 때 자주 하는 실수와 그걸 피하는 방법 좀 알려주세요.,논문작성가이드: https://honors.hongik.ac.kr/local/html/thesis_01,0
논문에서 주장을 잘 표현하는 방법 좀 알려주세요.,논문작성가이드: https://honors.hongik.ac.kr/local/html/thesis_01,0
논문 쓸 때 중요하게 생각해야 할 부분이 뭐에요?,논문작성가이드: https://honors.hongik.ac.kr/local/html/thesis_01,0
논문 쓸 때 어디에 가장 많이 시간을 써야 해요?,논문작성가이드: https://honors.hongik.ac.kr/local/html/thesis_01,0
논문 쓸 때 시간 관리 팁 좀 알려주세요.,논문작성가이드: https://honors.hongik.ac.kr/local/html/thesis_01,0
학술 정보를 효과적으로 수집하는 방법은 무엇인가요?,학술정보가이드: https://honors.hongik.ac.kr/local/html/new_02  구글 학술검색/네이버 학술정보 가이드: https://honors.hongik.ac.kr/local/html/thesis_01,0
학술 정보를 검색할 때 사용할 수 있는 데이터베이스는 어떤 것들이 있나요?,학술정보가이드: https://honors.hongik.ac.kr/local/html/new_02  구글 학술검색/네이버 학술정보 가이드: https://honors.hongik.ac.kr/local/html/thesis_01,0
학술 정보를 정리하고 관리하는 데에 효율적인 도구나 방법은 무엇인가요?,학술정보가이드: https://honors.hongik.ac.kr/local/html/new_02  구글 학술검색/네이버 학술정보 가이드: https://honors.hongik.ac.kr/local/html/thesis_01,0
학술 정보의 신뢰성을 판단하는 기준은 무엇인가요?,학술정보가이드: https://honors.hongik.ac.kr/local/html/new_02  구글 학술검색/네이버 학술정보 가이드: https://honors.hongik.ac.kr/local/html/thesis_01,0
학술 정보를 활용한 연구에서 주의해야 할 점은 무엇인가요?,학술정보가이드: https://honors.hongik.ac.kr/local/html/new_02  구글 학술검색/네이버 학술정보 가이드: https://honors.hongik.ac.kr/local/html/thesis_01,0
학술 정보를 분석하는 데에 효과적인 방법은 무엇인가요?,학술정보가이드: https://honors.hongik.ac.kr/local/html/new_02  구글 학술검색/네이버 학술정보 가이드: https://honors.hongik.ac.kr/local/html/thesis_01,0
학술 정보의 저작권에 대해 알려주세요.,학술정보가이드: https://honors.hongik.ac.kr/local/html/new_02  구글 학술검색/네이버 학술정보 가이드: https://honors.hongik.ac.kr/local/html/thesis_01,0
학술 정보를 찾는 데에 유용한 검색 키워드 선정 방법은 무엇인가요?,학술정보가이드: https://honors.hongik.ac.kr/local/html/new_02  구글 학술검색/네이버 학술정보 가이드: https://honors.hongik.ac.kr/local/html/thesis_01,0
학술 정보를 활용하여 논문을 작성할 때의 팁은 무엇인가요?,학술정보가이드: https://honors.hongik.ac.kr/local/html/new_02  구글 학술검색/네이버 학술정보 가이드: https://honors.hongik.ac.kr/local/html/thesis_01,0
학술 정보를 이용하여 어떻게 심층 연구를 진행할 수 있나요?,학술정보가이드: https://honors.hongik.ac.kr/local/html/new_02  구글 학술검색/네이버 학술정보 가이드: https://honors.hongik.ac.kr/local/html/thesis_01,0
학술 정보 찾는 꿀팁 좀 알려주세요.,학술정보가이드: https://honors.hongik.ac.kr/local/html/new_02  구글 학술검색/네이버 학술정보 가이드: https://honors.hongik.ac.kr/local/html/thesis_01,0
학술 정보 찾을 때 어떤 데이터베이스 좋아요?,학술정보가이드: https://honors.hongik.ac.kr/local/html/new_02  구글 학술검색/네이버 학술정보 가이드: https://honors.hongik.ac.kr/local/html/thesis_01,0
학술 정보 정리하고 관리하는 데 뭐 좋아요?,학술정보가이드: https://honors.hongik.ac.kr/local/html/new_02  구글 학술검색/네이버 학술정보 가이드: https://honors.hongik.ac.kr/local/html/thesis_01,0
학술 정보가 진짜인지 어떻게 알 수 있어요?,학술정보가이드: https://honors.hongik.ac.kr/local/html/new_02  구글 학술검색/네이버 학술정보 가이드: https://honors.hongik.ac.kr/local/html/thesis_01,0
학술 정보로 연구할 때 조심해야 할 건 뭐에요?,학술정보가이드: https://honors.hongik.ac.kr/local/html/new_02  구글 학술검색/네이버 학술정보 가이드: https://honors.hongik.ac.kr/local/html/thesis_01,0
학술 정보 분석하는 데 도움되는 방법 좀 알려주세요.,학술정보가이드: https://honors.hongik.ac.kr/local/html/new_02  구글 학술검색/네이버 학술정보 가이드: https://honors.hongik.ac.kr/local/html/thesis_01,0
학술 정보 쓸 때 저작권에 대해 알려주세요.,학술정보가이드: https://honors.hongik.ac.kr/local/html/new_02  구글 학술검색/네이버 학술정보 가이드: https://honors.hongik.ac.kr/local/html/thesis_01,0
학술 정보 찾을 때 좋은 검색어 어떻게 골라요?,학술정보가이드: https://honors.hongik.ac.kr/local/html/new_02  구글 학술검색/네이버 학술정보 가이드: https://honors.hongik.ac.kr/local/html/thesis_01,0
학술 정보로 논문 쓸 때 팁 좀 알려주세요.,학술정보가이드: https://honors.hongik.ac.kr/local/html/new_02  구글 학술검색/네이버 학술정보 가이드: https://honors.hongik.ac.kr/local/html/thesis_01,0
학술 정보로 깊게 연구하는 방법 좀 알려주세요.,학술정보가이드: https://honors.hongik.ac.kr/local/html/new_02  구글 학술검색/네이버 학술정보 가이드: https://honors.hongik.ac.kr/local/html/thesis_01,0
도서관 이용 교육은 어떤 내용을 다루나요?,도서관 이용교육: https://honors.hongik.ac.kr/local/html/intro 자세한 이용교육 정보는 도서관 홈페이지의 학술공지에 안내되어 있습니다!,0
도서관 이용 교육에 참여하려면 어떤 절차를 거쳐야 하나요?,도서관 이용교육: https://honors.hongik.ac.kr/local/html/intro 자세한 이용교육 정보는 도서관 홈페이지의 학술공지에 안내되어 있습니다!,0
도서관 이용 교육은 얼마나 자주 진행되나요?,도서관 이용교육: https://honors.hongik.ac.kr/local/html/intro 자세한 이용교육 정보는 도서관 홈페이지의 학술공지에 안내되어 있습니다!,0
도서관 이용 교육에 참가하기 위한 자격 요건은 무엇인가요?,도서관 이용교육: https://honors.hongik.ac.kr/local/html/intro 자세한 이용교육 정보는 도서관 홈페이지의 학술공지에 안내되어 있습니다!,0
도서관 이용 교육은 어떤 효과가 있나요?,도서관 이용교육: https://honors.hongik.ac.kr/local/html/intro 자세한 이용교육 정보는 도서관 홈페이지의 학술공지에 안내되어 있습니다!,0
도서관 이용 교육 후에는 어떤 지식을 얻을 수 있나요?,도서관 이용교육: https://honors.hongik.ac.kr/local/html/intro 자세한 이용교육 정보는 도서관 홈페이지의 학술공지에 안내되어 있습니다!,0
도서관 이용 교육은 어떤 형식으로 진행되나요?,도서관 이용교육: https://honors.hongik.ac.kr/local/html/intro 자세한 이용교육 정보는 도서관 홈페이지의 학술공지에 안내되어 있습니다!,0
도서관 이용 교육에 참석하면 어떤 혜택이 있나요?,도서관 이용교육: https://honors.hongik.ac.kr/local/html/intro 자세한 이용교육 정보는 도서관 홈페이지의 학술공지에 안내되어 있습니다!,0
도서관 이용 교육에서 어떤 주제를 다루나요?,도서관 이용교육: https://honors.hongik.ac.kr/local/html/intro 자세한 이용교육 정보는 도서관 홈페이지의 학술공지에 안내되어 있습니다!,0
도서관 이용 교육은 얼마나 오랜 시간 동안 진행되나요?,도서관 이용교육: https://honors.hongik.ac.kr/local/html/intro 자세한 이용교육 정보는 도서관 홈페이지의 학술공지에 안내되어 있습니다!,0
도서관 이용 교육에서 뭘 배울 수 있어요?,도서관 이용교육: https://honors.hongik.ac.kr/local/html/intro 자세한 이용교육 정보는 도서관 홈페이지의 학술공지에 안내되어 있습니다!,0
도서관 이용 교육에 참여하려면 어떻게 해야 돼요?,도서관 이용교육: https://honors.hongik.ac.kr/local/html/intro 자세한 이용교육 정보는 도서관 홈페이지의 학술공지에 안내되어 있습니다!,0
도서관 이용 교육은 자주 열려요?,도서관 이용교육: https://honors.hongik.ac.kr/local/html/intro 자세한 이용교육 정보는 도서관 홈페이지의 학술공지에 안내되어 있습니다!,0
도서관 이용 교육 참가하려면 뭐 필요해요?,도서관 이용교육: https://honors.hongik.ac.kr/local/html/intro 자세한 이용교육 정보는 도서관 홈페이지의 학술공지에 안내되어 있습니다!,0
도서관 이용 교육 듣고 나면 뭘 얻을 수 있어요?,도서관 이용교육: https://honors.hongik.ac.kr/local/html/intro 자세한 이용교육 정보는 도서관 홈페이지의 학술공지에 안내되어 있습니다!,0
도서관 이용 교육 듣고 나면 뭐 배울 수 있어요?,도서관 이용교육: https://honors.hongik.ac.kr/local/html/intro 자세한 이용교육 정보는 도서관 홈페이지의 학술공지에 안내되어 있습니다!,0
도서관 이용 교육은 어떻게 진행되나요?,도서관 이용교육: https://honors.hongik.ac.kr/local/html/intro 자세한 이용교육 정보는 도서관 홈페이지의 학술공지에 안내되어 있습니다!,0
도서관 이용 교육 들으면 뭐 좋아요?,도서관 이용교육: https://honors.hongik.ac.kr/local/html/intro 자세한 이용교육 정보는 도서관 홈페이지의 학술공지에 안내되어 있습니다!,0
도서관 이용 교육에서 뭘 가르쳐 주나요?,도서관 이용교육: https://honors.hongik.ac.kr/local/html/intro 자세한 이용교육 정보는 도서관 홈페이지의 학술공지에 안내되어 있습니다!,0
도서관 이용 교육은 얼마나 걸려요?,도서관 이용교육: https://honors.hongik.ac.kr/local/html/intro 자세한 이용교육 정보는 도서관 홈페이지의 학술공지에 안내되어 있습니다!,0
도서관에서 스터디룸을 사용하려면 어떻게 해야 하나요?,"아래 링크에서 도서관 홈페이지 로그인 후, 예약하실 수 있습니다. https://honors.hongik.ac.kr/local/html/roomreserve",0
스터디룸을 이용하기 위한 절차는 어떻게 되나요?,"아래 링크에서 도서관 홈페이지 로그인 후, 예약하실 수 있습니다. https://honors.hongik.ac.kr/local/html/roomreserve",0
스터디룸 예약은 어떻게 할 수 있나요?,"아래 링크에서 도서관 홈페이지 로그인 후, 예약하실 수 있습니다. https://honors.hongik.ac.kr/local/html/roomreserve",0
스터디룸의 이용 시간은 어떻게 되나요?,"아래 링크에서 도서관 홈페이지 로그인 후, 예약하실 수 있습니다. https://honors.hongik.ac.kr/local/html/roomreserve",0
스터디룸 이용 시 주의해야 할 사항은 무엇인가요?,"아래 링크에서 도서관 홈페이지 로그인 후, 예약하실 수 있습니다. https://honors.hongik.ac.kr/local/html/roomreserve",0
스터디룸 내에서 허용되는 행동은 무엇인가요?,"아래 링크에서 도서관 홈페이지 로그인 후, 예약하실 수 있습니다. https://honors.hongik.ac.kr/local/html/roomreserve",0
스터디룸 이용에 필요한 비용은 어떻게 되나요?,"아래 링크에서 도서관 홈페이지 로그인 후, 예약하실 수 있습니다. https://honors.hongik.ac.kr/local/html/roomreserve",0
스터디룸은 몇 명까지 이용할 수 있나요?,"아래 링크에서 도서관 홈페이지 로그인 후, 예약하실 수 있습니다. https://honors.hongik.ac.kr/local/html/roomreserve",0
스터디룸 내에 제공되는 시설은 어떤 것들이 있나요?,"아래 링크에서 도서관 홈페이지 로그인 후, 예약하실 수 있습니다. https://honors.hongik.ac.kr/local/html/roomreserve",0
스터디룸 이용 시 준비해야 할 것은 무엇인가요?,"아래 링크에서 도서관 홈페이지 로그인 후, 예약하실 수 있습니다. https://honors.hongik.ac.kr/local/html/roomreserve",0
스터디룸 이용이 불가능한 시간대는 어떤 때인가요?,"아래 링크에서 도서관 홈페이지 로그인 후, 예약하실 수 있습니다. https://honors.hongik.ac.kr/local/html/roomreserve",0
스터디룸 어떻게 쓸 수 있어요?,"아래 링크에서 도서관 홈페이지 로그인 후, 예약하실 수 있습니다. https://honors.hongik.ac.kr/local/html/roomreserve",0
스터디룸 예약은 어떻게 해요?,"아래 링크에서 도서관 홈페이지 로그인 후, 예약하실 수 있습니다. https://honors.hongik.ac.kr/local/html/roomreserve",0
스터디룸 언제까지 쓸 수 있어요?,"아래 링크에서 도서관 홈페이지 로그인 후, 예약하실 수 있습니다. https://honors.hongik.ac.kr/local/html/roomreserve",0
스터디룸 쓸 때 조심해야 할 건 뭐에요?,"아래 링크에서 도서관 홈페이지 로그인 후, 예약하실 수 있습니다. https://honors.hongik.ac.kr/local/html/roomreserve",0
스터디룸에서 뭐하면 안 돼요?,"아래 링크에서 도서관 홈페이지 로그인 후, 예약하실 수 있습니다. https://honors.hongik.ac.kr/local/html/roomreserve",0
스터디룸 쓰려면 돈 내야 해요?,"아래 링크에서 도서관 홈페이지 로그인 후, 예약하실 수 있습니다. https://honors.hongik.ac.kr/local/html/roomreserve",0
스터디룸 몇 명이서 쓸 수 있어요?,"아래 링크에서 도서관 홈페이지 로그인 후, 예약하실 수 있습니다. https://honors.hongik.ac.kr/local/html/roomreserve",0
스터디룸에 뭐 있어요?,"아래 링크에서 도서관 홈페이지 로그인 후, 예약하실 수 있습니다. https://honors.hongik.ac.kr/local/html/roomreserve",0
스터디룸 쓸 때 뭐 가져가야 해요?,"아래 링크에서 도서관 홈페이지 로그인 후, 예약하실 수 있습니다. https://honors.hongik.ac.kr/local/html/roomreserve",0
스터디룸 쓸 수 없는 시간은 언제에요?,"아래 링크에서 도서관 홈페이지 로그인 후, 예약하실 수 있습니다. https://honors.hongik.ac.kr/local/html/roomreserve",0
프레젠테이션룸 예약하려면 어떤 절차를 거쳐야 하나요?,"아래 링크에서 도서관 홈페이지 로그인 후, 예약하실 수 있습니다. https://honors.hongik.ac.kr/local/html/roomreserve",0
프레젠테이션룸을 이용하려면 어떤 제한 사항이 있나요?,"아래 링크에서 도서관 홈페이지 로그인 후, 예약하실 수 있습니다. https://honors.hongik.ac.kr/local/html/roomreserve",0
프레젠테이션룸 내부에 제공되는 시설은 무엇인가요?,"아래 링크에서 도서관 홈페이지 로그인 후, 예약하실 수 있습니다. https://honors.hongik.ac.kr/local/html/roomreserve",0
프레젠테이션룸 이용 시간은 어떻게 결정되나요?,"아래 링크에서 도서관 홈페이지 로그인 후, 예약하실 수 있습니다. https://honors.hongik.ac.kr/local/html/roomreserve",0
프레젠테이션룸 이용료는 어떻게 책정되나요?,"아래 링크에서 도서관 홈페이지 로그인 후, 예약하실 수 있습니다. https://honors.hongik.ac.kr/local/html/roomreserve",0
프레젠테이션룸을 이용하는 데 필요한 준비물은 무엇인가요?,"아래 링크에서 도서관 홈페이지 로그인 후, 예약하실 수 있습니다. https://honors.hongik.ac.kr/local/html/roomreserve",0
프레젠테이션룸 이용에 대한 규정을 어디서 확인할 수 있나요?,"아래 링크에서 도서관 홈페이지 로그인 후, 예약하실 수 있습니다. https://honors.hongik.ac.kr/local/html/roomreserve",0
프레젠테이션룸은 몇 명까지 수용 가능한가요?,"아래 링크에서 도서관 홈페이지 로그인 후, 예약하실 수 있습니다. https://honors.hongik.ac.kr/local/html/roomreserve",0
프레젠테이션룸 이용 가능 시간 외에는 어떻게 활용할 수 있나요?,"아래 링크에서 도서관 홈페이지 로그인 후, 예약하실 수 있습니다. https://honors.hongik.ac.kr/local/html/roomreserve",0
프레젠테이션룸 이용에 있어서 알아두면 좋은 팁이 있나요?,"아래 링크에서 도서관 홈페이지 로그인 후, 예약하실 수 있습니다. https://honors.hongik.ac.kr/local/html/roomreserve",0
도서관에서는 어떻게 책을 예약하나요?,도서 예약 가능해요.,0
도서관에서는 인터넷을 사용할 수 있나요?,"사용 가능하며, 와이파이 역시 클래스넷 아이디와 비밀번호로 어디서든 이용 가능합니다.",0
도서관에서는 외부에서 가져온 책을 읽을 수 있나요?,괜찮습니다.,0
도서관에서 제공하는 전자자료에는 어떤 것들이 있나요?,https://honors.hongik.ac.kr/local/html/domesticJournal 위 링크를 참고해주세요.,0
도서관에서 복사기나 프린터를 사용하려면 어떻게 해야 하나요?,"중앙도서관 참고자료실, 멀티자료실, 정기간행물 실 등에서 이용 가능합니다.",0
복사기나 프린트 가능한가요?,"중앙도서관 참고자료실, 멀티자료실, 정기간행물 실 등에서 이용 가능합니다.",0
도서관에서 복사나 인쇄 할수있나요?,"중앙도서관 참고자료실, 멀티자료실, 정기간행물 실 등에서 이용 가능합니다.",0
도서관에서 교재나 참고서를 대출할 수 있나요?,"네, 원하는 도서를 검색하신 후, 없으시면 도서구입신청 역시 가능합니다.",0
도서관의 이용 규정에 대해 알려주실 수 있나요?,링크를 참고해주세요. https://honors.hongik.ac.kr/local/html/hour,0
도서관에서 책을 읽다가 표시해두고 싶을 때 어떻게 해야 하나요?,개인 노트에 메모해주시고 도서관 소유 책엔 절대 표기를 해선 안됩니다.,0
안녕하세요,네 안녕하세요,0
안녕,"네, 안녕하세요!",0
안뇽,안뇽하세요,0
안냥,안녕하세요,0
하이,"하이, 반가워요",0
헬로우,헬로우,0
반갑,반갑습니다,0
반갑습니다,반가워용,0
학부생은 책 몇권까지 대출 가능해?,10권 까지 가능합니다. 자세한 정보는 아래 링크를 참고해 주세요. https://honors.hongik.ac.kr/local/html/new_01,0
대학생은 책 몇권 대출 가능한가요?,10권 까지 가능합니다. 자세한 정보는 아래 링크를 참고해 주세요. https://honors.hongik.ac.kr/local/html/new_01,0
대학생은 책 얼마나 빌릴 수 있나요?,10권 까지 가능합니다. 자세한 정보는 아래 링크를 참고해 주세요. https://honors.hongik.ac.kr/local/html/new_01,0
대출 가능 권수는 몇 권인가요?,"학부생은 10권, 대학원생은 30권 가능합니다. 자세한 정보는 아래 링크를 참고해 주세요. https://honors.hongik.ac.kr/local/html/new_01",0
책 몇권 빌릴 수 있나요?,"학부생은 10권, 대학원생은 30권 가능합니다. 자세한 정보는 아래 링크를 참고해 주세요. https://honors.hongik.ac.kr/local/html/new_01",0
책 대출 얼마나 가능한가요?,"학부생은 10권, 대학원생은 30권 가능합니다. 자세한 정보는 아래 링크를 참고해 주세요. https://honors.hongik.ac.kr/local/html/new_01",0
책 대출은 어디서 하나요?,중앙도서관 H동 3층에서 가능해요.,0
책은 어디서 빌릴수있어요?,중앙도서관 H동 3층에서 가능해요.,0
도서 대출하는 곳은 어디인가요?,중앙도서관 H동 3층에서 가능해요.,0
책 반납은 어디서 하나요?,학교 캠퍼스내에 설치된 무인반납기 or 중앙도서관 H동 3층에서 가능해요.,0
도서 반납은 어디서 가능한가요?,학교 캠퍼스내에 설치된 무인반납기 or 중앙도서관 H동 3층에서 가능해요.,0
책 반납하고싶어요,학교 캠퍼스내에 설치된 무인반납기 or 중앙도서관 H동 3층에서 가능해요.,0
학위논문을 찾고 있어요.,국내외 석박사 학위논문을 열람할 수 있는 링크를 드리겠습니다. https://honors.hongik.ac.kr/local/html/thesis,0
국내외 학위논문을 볼 수있는 곳이 있나요?,국내외 석박사 학위논문을 열람할 수 있는 링크를 드리겠습니다. https://honors.hongik.ac.kr/local/html/thesis,0
홍익대 학위논문은 어떻게 찾나요?,국내외 석박사 학위논문을 열람할 수 있는 링크를 드리겠습니다. https://honors.hongik.ac.kr/local/html/thesis,0
공동학습실 예약을 하고 싶어요.,"아래 링크에서 도서관 홈페이지 로그인 후, 예약하실 수 있습니다. https://honors.hongik.ac.kr/local/html/roomreserve",0
피티룸 예약 부탁해요,"아래 링크에서 도서관 홈페이지 로그인 후, 예약하실 수 있습니다. https://honors.hongik.ac.kr/local/html/roomreserve",0
피티룸 예약을 하고싶어요,"아래 링크에서 도서관 홈페이지 로그인 후, 예약하실 수 있습니다. https://honors.hongik.ac.kr/local/html/roomreserve",0
pt룸 예약을 하고싶어요,"아래 링크에서 도서관 홈페이지 로그인 후, 예약하실 수 있습니다. https://honors.hongik.ac.kr/local/html/roomreserve",0
pt룸 빌리려고 하는데요,"아래 링크에서 도서관 홈페이지 로그인 후, 예약하실 수 있습니다. https://honors.hongik.ac.kr/local/html/roomreserve",0
홍대 도서관 가려면 어디로 가야해요?,"중앙도서관은 H동, Q동(정보통신센터) 에 위치하고 있으며, 법학도서관은 R동(홍문관) 8층에 있어요!",0
도서관 입구가 어디있나요?,"중앙도서관 입구는 H동 3층, Q동 7층에 있으며 학생증을 꼭 가져오셔야 출입 가능해요!",0
도서관 위치가 어디에 있나요?,"중앙도서관은 H동, Q동(정보통신센터) 에 위치하고 있으며, 법학도서관은 R동(홍문관) 8층에 있어요!",0
중앙도서관은 어디에 있어요?,"중앙도서관은 H동, Q동(정보통신센터) 에 위치하고 있으며, 법학도서관은 R동(홍문관) 8층에 있어요!",0
도서관 어떻게 가나요?,"중앙도서관 입구는 H동 3층, Q동 7층에 있으며 학생증을 꼭 가져오셔야 출입 가능해요!",0
법학도서관은 어디에 있나요?,법학도서관은 R동(홍문관) 8층에 있어요!,0
법도 어디에 있어요?,법학도서관은 R동(홍문관) 8층에 있어요!,0
법도가려면 어떻게 하죠?,법학도서관은 R동(홍문관) 8층에 있어요!,0
법학도서관 가고 싶어요,법학도서관은 R동(홍문관) 8층에 있어요!,0
중도 위치좀,"중앙도서관 입구는 H동 3층, Q동 7층에 있으며 학생증을 꼭 가져오셔야 출입 가능해요!",0
도서관 위치좀,"중앙도서관 입구는 H동 3층, Q동 7층에 있으며 학생증을 꼭 가져오셔야 출입 가능해요!",0
중도 가려면 어떻게 가야해요?,"중앙도서관 입구는 H동 3층, Q동 7층에 있으며 학생증을 꼭 가져오셔야 출입 가능해요!",0
중도 가고싶어요,"중앙도서관 입구는 H동 3층, Q동 7층에 있으며 학생증을 꼭 가져오셔야 출입 가능해요!",0
중도 어디 있나요?,"중앙도서관은 H동, Q동(정보통신센터) 에 있어요.",0
중도 어떻게 가요?,"중앙도서관은 H동, Q동(정보통신센터) 에 있어요.",0
우리 학교 무료 인강 있어요?,https://honors.hongik.ac.kr/local/html/eLearning 이 링크로 들어가셔서 로그인 하시면 다 무료로 이용 가능합니다~,0
자격증 강의 같은거 있나요?,https://honors.hongik.ac.kr/local/html/eLearning 이 링크로 들어가셔서 로그인 하시면 다 무료로 이용 가능합니다~,0
무료 토익 강의 있어요?,https://honors.hongik.ac.kr/local/html/eLearning 이 링크로 들어가셔서 로그인 하시면 다 무료로 이용 가능합니다~,0
취업과 관련된 자격증 시험 무료 강의 있어요?,https://honors.hongik.ac.kr/local/html/eLearning 이 링크로 들어가셔서 로그인 하시면 다 무료로 이용 가능합니다~,0
전자책 이용법좀 알려주세요.,전자책은 모바일 기기에 교보도서관 어플을 설치해서 이용하시는게 좋아요. 아래 링크에서 자세한 이용법 보실 수 있습니당. https://honors.hongik.ac.kr/local/html/domesticEbook,0
전자책 이용할 수 있나요?,전자책은 모바일 기기에 교보도서관 어플을 설치해서 이용하시는게 좋아요. 아래 링크에서 자세한 이용법 보실 수 있습니당. https://honors.hongik.ac.kr/local/html/domesticEbook,0
전자책 어떻게 보나요?,전자책은 모바일 기기에 교보도서관 어플을 설치해서 이용하시는게 좋아요. 아래 링크에서 자세한 이용법 보실 수 있습니당. https://honors.hongik.ac.kr/local/html/domesticEbook,0
이북 이용법좀 알려주세요,전자책은 모바일 기기에 교보도서관 어플을 설치해서 이용하시는게 좋아요. 아래 링크에서 자세한 이용법 보실 수 있습니당. https://honors.hongik.ac.kr/local/html/domesticEbook,0
이북 이용할 수 있나요?,전자책은 모바일 기기에 교보도서관 어플을 설치해서 이용하시는게 좋아요. 아래 링크에서 자세한 이용법 보실 수 있습니당. https://honors.hongik.ac.kr/local/html/domesticEbook,0
이북 어떻게 보나요?,전자책은 모바일 기기에 교보도서관 어플을 설치해서 이용하시는게 좋아요. 아래 링크에서 자세한 이용법 보실 수 있습니당. https://honors.hongik.ac.kr/local/html/domesticEbook,0
e북 어떻게 봐요?,전자책은 모바일 기기에 교보도서관 어플을 설치해서 이용하시는게 좋아요. 아래 링크에서 자세한 이용법 보실 수 있습니당. https://honors.hongik.ac.kr/local/html/domesticEbook,0
e북 이용 가능한가요?,전자책은 모바일 기기에 교보도서관 어플을 설치해서 이용하시는게 좋아요. 아래 링크에서 자세한 이용법 보실 수 있습니당. https://honors.hongik.ac.kr/local/html/domesticEbook,0
전자책 단말기 빌리고 싶어요.,"홍대 중도는 홍익대 구성원들에게 노트북, 전자책 단말기, 태블릿pc를 대여해드리고 있습니다. 아래 링크로 들어가세요! https://honors.hongik.ac.kr/local/html/mobileLib",0
전자책 단말기 어떻게 사용하나요?,전자책 단말기 사용법은 대여하실때 근로생에게 물어보시면 자세하게 알려주실거예요.,0
전자책 단말기 빌릴 수 있나요? ,아래 링크로 들어가세요! https://honors.hongik.ac.kr/local/html/mobileLib 모두 대여 중이라면 예약도 가능해요.,0
노트북 빌릴 수 있어요?,"중앙도서관은 홍익대 구성원들에게 노트북, 전자책 단말기, 태블릿pc를 대여해드리고 있습니다. 아래 링크로 들어가세요! https://honors.hongik.ac.kr/local/html/mobileLib",0
노트북 어떻게 빌려요?,"중앙도서관은 홍익대 구성원들에게 노트북, 전자책 단말기, 태블릿pc를 대여해드리고 있습니다. 아래 링크로 들어가세요! https://honors.hongik.ac.kr/local/html/mobileLib",0
노트북은 어디서 빌리나요?,h동 3층 대출대로 가시면 됩니다!,0
태블릿은 어디서 빌려요?,h동 6층에 있는 멀티자료실(학위논문실)에서 대여가능합니다!,0
태블릿 빌릴 수 있어요?,"중앙도서관은 홍익대 구성원들에게 노트북, 전자책 단말기, 태블릿pc를 대여해드리고 있습니다. 아래 링크로 들어가세요! https://honors.hongik.ac.kr/local/html/mobileLib",0
수서실은 어디 있어요?,Q동 9층에 있어요.,0
수서팀 가려면 어디로 가야해요?,Q동 9층으로 가시면 되요.,0
열람실은 어디에 있어요?,"도서관 열람실은 H동 5,6층, T동 3,4층에 있어요. 출입구에서 자리 예약을 하신 후 이용가능합니다!",0
열람실 자리 남아있나요?,http://honors.hongik.ac.kr:8082/ 열람실 좌석 현황 링크입니다.,0
열람실 자리 남음?,http://honors.hongik.ac.kr:8082/ 열람실 좌석 현황 링크입니다.,0
열람실 좌석 현황,http://honors.hongik.ac.kr:8082/ 열람실 좌석 현황 링크입니다.,0
정간실 어디에 있나요?,"q동 7층, 8층에 있습니다.",0
대출실 어디인가요?,h동 3층입니다.,0
대출실이 어디죠?,h동 3층입니다.,0
정기간행물실이 어디인가요?,"정간실은 q동 7층, 8층에 있습니다.",0
정기간행물실은 뭐하는 곳인가요?,정기간행물을 열람하실 수 있는 곳입니다.,0
법도는 어디에 있나요?,법도는 홍문관(R동) 8층에 있어요!,0
우수이용자에 대해 알려주세요,도서관 우수이용자에 관한 정보는 다음 링크에서 보실 수 있어요! https://honors.hongik.ac.kr/local/html/bestuser,0
도서관 우수이용자가 뭔가요?,도서관 우수이용자에 관한 정보는 다음 링크에서 보실 수 있어요! https://honors.hongik.ac.kr/local/html/bestuser,0
도서관 우수이용자 될 수 있나요?,도서관 우수이용자에 관한 정보는 다음 링크에서 보실 수 있어요! https://honors.hongik.ac.kr/local/html/bestuser,0
독서인증 게시판 활용법,독서인증 게시판 많은 관심과 활용 부탁드려요~ https://honors.hongik.ac.kr/bbs/list/5,0
챗지피티 책 추천좀요.,챗지피티 책은 아니지만 챗지피티 가이드라인을 알려드릴게요! 여기 링크에 가이드라인이 있습니다. https://honors.hongik.ac.kr/local/html/new_02,0
건축학과인데 건축학과 관련한 논문이나 자료들을 어디서 보나요?,도서관 홈페이지 -> 학술정보가이드에 가시면 건축분야 학술정보원 활용가이드가 있어요! 링크 드릴게요. https://honors.hongik.ac.kr/local/html/new_02,0
건축분야 자료를 찾고싶어요.,도서관 홈페이지 -> 학술정보가이드에 가시면 건축분야 학술정보원 활용가이드가 있어요! 링크 드릴게요. https://honors.hongik.ac.kr/local/html/new_02,0
경영학과 경영분야 논문이나 자료,"도서관 홈페이지 -> 학술정보가이드에 가시면 경영,경제분야 학술정보원 활용가이드가 있어요! 링크 드릴게요. https://honors.hongik.ac.kr/local/html/new_02",0
경영학과인데 경영쪽 자료나 논문 어디서 보나요?,"도서관 홈페이지 -> 학술정보가이드에 가시면 경영,경제분야 학술정보원 활용가이드가 있어요! 링크 드릴게요. https://honors.hongik.ac.kr/local/html/new_02",0
경제학과인데 경제학 자료 어디서 보나요?,"도서관 홈페이지 -> 학술정보가이드에 가시면 경영,경제분야 학술정보원 활용가이드가 있어요! 링크 드릴게요. https://honors.hongik.ac.kr/local/html/new_02",0
"경제분야 논문, 자료를 볼 수 있는 곳이 있나요?","도서관 홈페이지 -> 학술정보가이드에 가시면 경영,경제분야 학술정보원 활용가이드가 있어요! 링크 드릴게요. https://honors.hongik.ac.kr/local/html/new_02",0
"미대생인데, 미대 관련, 예술 관련 자료 어떻게 찾아요?",도서관 홈페이지 -> 학술정보가이드에 가시면 예술분야 학술정보원 활용가이드가 있어요! 링크 드릴게요. https://honors.hongik.ac.kr/local/html/new_02,0
미대관련 다양한 자료들을 찾고싶어요.,도서관 홈페이지 -> 학술정보가이드에 가시면 예술분야 학술정보원 활용가이드가 있어요! 링크 드릴게요. https://honors.hongik.ac.kr/local/html/new_02,0
미술쪽 논문이나 잡지 저널 어떤 것들이 있나요?,도서관 홈페이지 -> 학술정보가이드에 가시면 예술분야 학술정보원 활용가이드가 있어요! 링크 드릴게요. https://honors.hongik.ac.kr/local/html/new_02,0
예술분야 학술지를 찾고있어요.,도서관 홈페이지 -> 학술정보가이드에 가시면 예술분야 학술정보원 활용가이드가 있어요! 링크 드릴게요. https://honors.hongik.ac.kr/local/html/new_02,0
"법대생인데, 법학 분야 자료 어디서 볼 수 있어요?",도서관 홈페이지에 법학분야 학술정보원 활용가이드가 있어요! 링크 드릴게요. https://honors.hongik.ac.kr/local/html/new_02,0
"법학 관련 논문이나 자료, 책들은 어디에 있나요?",법학도서관에 있습니다. 그리고 도서관 홈페이지를 통해 전자자료로도 이용 가능합니다. 활용가이드 링크를 드릴게요! https://honors.hongik.ac.kr/local/html/new_02,0
전자책 이용법좀 알려주세요,도서관 홈페이지에 전자책 이용가이드가 게시되어 있습니다! 링크 참고하세요 https://honors.hongik.ac.kr/local/html/new_02,0
책은 몇권 대출할 수 있어요?,"학부생은 10권, 대학원생은 30권 가능합니다. 자세한 정보는 아래 링크를 참고해 주세요. https://honors.hongik.ac.kr/local/html/new_01",0
책은 몇 권까지 대출할 수 있을까요?,"학부생은 10권, 대학원생은 30권 가능합니다. 자세한 정보는 아래 링크를 참고해 주세요. https://honors.hongik.ac.kr/local/html/new_01",0
대출 가능한 책의 수는 몇 권인가요?,"학부생은 10권, 대학원생은 30권 가능합니다. 자세한 정보는 아래 링크를 참고해 주세요. https://honors.hongik.ac.kr/local/html/new_01",0
책은 몇 권이나 대출이 가능한가요?,"학부생은 10권, 대학원생은 30권 가능합니다. 자세한 정보는 아래 링크를 참고해 주세요. https://honors.hongik.ac.kr/local/html/new_01",0
대출할 수 있는 책의 수는 얼마나 되나요?,"학부생은 10권, 대학원생은 30권 가능합니다. 자세한 정보는 아래 링크를 참고해 주세요. https://honors.hongik.ac.kr/local/html/new_01",0
책은 몇 권까지 빌릴 수 있을까요?,"학부생은 10권, 대학원생은 30권 가능합니다. 자세한 정보는 아래 링크를 참고해 주세요. https://honors.hongik.ac.kr/local/html/new_01",0
몇 권의 책을 대출할 수 있나요?,"학부생은 10권, 대학원생은 30권 가능합니다. 자세한 정보는 아래 링크를 참고해 주세요. https://honors.hongik.ac.kr/local/html/new_01",0
대출 가능한 책의 수는 몇 권까지인가요?,"학부생은 10권, 대학원생은 30권 가능합니다. 자세한 정보는 아래 링크를 참고해 주세요. https://honors.hongik.ac.kr/local/html/new_01",0
책을 몇 권까지 대출할 수 있나요?,"학부생은 10권, 대학원생은 30권 가능합니다. 자세한 정보는 아래 링크를 참고해 주세요. https://honors.hongik.ac.kr/local/html/new_01",0
몇 권까지 책을 대출할 수 있을까요?,"학부생은 10권, 대학원생은 30권 가능합니다. 자세한 정보는 아래 링크를 참고해 주세요. https://honors.hongik.ac.kr/local/html/new_01",0
도서관 운영 시간 좀 알려주세요.,"학기 중: 9시 - 20시 방학: 9시 - 17시, 토요일: 9시 -15시 운영합니다. 링크를 참고하세요. https://honors.hongik.ac.kr/local/html/hour",0
도서관의 운영 시간을 알 수 있을까요?,"학기 중: 9시 - 20시 방학: 9시 - 17시, 토요일: 9시 -15시 운영합니다. 링크를 참고하세요. https://honors.hongik.ac.kr/local/html/hour",0
도서관은 언제까지 열려 있나요?,"학기 중: 9시 - 20시 방학: 9시 - 17시, 토요일: 9시 -15시 운영합니다. 링크를 참고하세요. https://honors.hongik.ac.kr/local/html/hour",0
도서관의 업무 시간을 알려주실 수 있나요?,"학기 중: 9시 - 20시 방학: 9시 - 17시, 토요일: 9시 -15시 운영합니다. 링크를 참고하세요. https://honors.hongik.ac.kr/local/html/hour",0
도서관의 영업 시간을 알려주시겠어요?,"학기 중: 9시 - 20시 방학: 9시 - 17시, 토요일: 9시 -15시 운영합니다. 링크를 참고하세요. https://honors.hongik.ac.kr/local/html/hour",0
도서관 운영 시간을 알려주실래요?,"학기 중: 9시 - 20시 방학: 9시 - 17시, 토요일: 9시 -15시 운영합니다. 링크를 참고하세요. https://honors.hongik.ac.kr/local/html/hour",0
도서관은 언제부터 언제까지 운영하나요?,"학기 중: 9시 - 20시 방학: 9시 - 17시, 토요일: 9시 -15시 운영합니다. 링크를 참고하세요. https://honors.hongik.ac.kr/local/html/hour",0
도서관의 오픈 시간을 알려주세요.,"학기 중: 9시 - 20시 방학: 9시 - 17시, 토요일: 9시 -15시 운영합니다. 링크를 참고하세요. https://honors.hongik.ac.kr/local/html/hour",0
도서관은 어느 시간까지 열려 있나요?,"학기 중: 9시 - 20시 방학: 9시 - 17시, 토요일: 9시 -15시 운영합니다. 링크를 참고하세요. https://honors.hongik.ac.kr/local/html/hour",0
도서관의 운영시간을 알고 싶어요.,"학기 중: 9시 - 20시 방학: 9시 - 17시, 토요일: 9시 -15시 운영합니다. 링크를 참고하세요. https://honors.hongik.ac.kr/local/html/hour",0
책 추천을 부탁해요.,사서추천자료: https://honors.hongik.ac.kr/newbook/list 도서관추천자료: https://honors.hongik.ac.kr/local/html/libRecom,0
어떤 책을 추천해주실 수 있나요?,사서추천자료: https://honors.hongik.ac.kr/newbook/list 도서관추천자료: https://honors.hongik.ac.kr/local/html/libRecom,0
책 좀 추천해주세요.,사서추천자료: https://honors.hongik.ac.kr/newbook/list 도서관추천자료: https://honors.hongik.ac.kr/local/html/libRecom,0
어떤 책을 읽을까요? 추천 좀 해주세요.,사서추천자료: https://honors.hongik.ac.kr/newbook/list 도서관추천자료: https://honors.hongik.ac.kr/local/html/libRecom,0
책 추천좀 해주세요.,사서추천자료: https://honors.hongik.ac.kr/newbook/list 도서관추천자료: https://honors.hongik.ac.kr/local/html/libRecom,0
어떤 책을 읽을지 모르겠어요. 추천 좀 해주세요.,사서추천자료: https://honors.hongik.ac.kr/newbook/list 도서관추천자료: https://honors.hongik.ac.kr/local/html/libRecom,0
좋은 책을 찾고 있어요. 추천 좀 부탁드려요.,사서추천자료: https://honors.hongik.ac.kr/newbook/list 도서관추천자료: https://honors.hongik.ac.kr/local/html/libRecom,0
읽을 만한 책을 찾고 있어요. 추천 좀 해주세요.,사서추천자료: https://honors.hongik.ac.kr/newbook/list 도서관추천자료: https://honors.hongik.ac.kr/local/html/libRecom,0
책 추천좀 부탁드려요.,사서추천자료: https://honors.hongik.ac.kr/newbook/list 도서관추천자료: https://honors.hongik.ac.kr/local/html/libRecom,0
"어떤 책을 읽을지 고민 중인데, 추천 좀 해주세요.",사서추천자료: https://honors.hongik.ac.kr/newbook/list 도서관추천자료: https://honors.hongik.ac.kr/local/html/libRecom,0
책 검색을 하고 싶어,도서관 홈페이지에서 통합검색 탭을 통해 도서관의 모든 자료를 이용하실 수 있습니다. 도서 검색 링크입니다. https://honors.hongik.ac.kr/search/tot,0
책 검색 좀 해줄래?,도서관 홈페이지에서 통합검색 탭을 통해 도서관의 모든 자료를 이용하실 수 있습니다. 도서 검색 링크입니다. https://honors.hongik.ac.kr/search/tot,0
책 검색 좀 해줄 수 있어?,도서관 홈페이지에서 통합검색 탭을 통해 도서관의 모든 자료를 이용하실 수 있습니다. 도서 검색 링크입니다. https://honors.hongik.ac.kr/search/tot,0
책 검색해 줄 수 있을까?,도서관 홈페이지에서 통합검색 탭을 통해 도서관의 모든 자료를 이용하실 수 있습니다. 도서 검색 링크입니다. https://honors.hongik.ac.kr/search/tot,0
책 검색 좀 부탁해?,도서관 홈페이지에서 통합검색 탭을 통해 도서관의 모든 자료를 이용하실 수 있습니다. 도서 검색 링크입니다. https://honors.hongik.ac.kr/search/tot,0
책 검색 좀 부탁해도 될까요?,도서관 홈페이지에서 통합검색 탭을 통해 도서관의 모든 자료를 이용하실 수 있습니다. 도서 검색 링크입니다. https://honors.hongik.ac.kr/search/tot,0
책 검색해 줄 수 있을까요?,도서관 홈페이지에서 통합검색 탭을 통해 도서관의 모든 자료를 이용하실 수 있습니다. 도서 검색 링크입니다. https://honors.hongik.ac.kr/search/tot,0
책 검색 좀 해줄래요?,도서관 홈페이지에서 통합검색 탭을 통해 도서관의 모든 자료를 이용하실 수 있습니다. 도서 검색 링크입니다. https://honors.hongik.ac.kr/search/tot,0
책 검색 좀 해줄 수 있어요?,도서관 홈페이지에서 통합검색 탭을 통해 도서관의 모든 자료를 이용하실 수 있습니다. 도서 검색 링크입니다. https://honors.hongik.ac.kr/search/tot,0
책 검색해 줄 수 있을까요?,도서관 홈페이지에서 통합검색 탭을 통해 도서관의 모든 자료를 이용하실 수 있습니다. 도서 검색 링크입니다. https://honors.hongik.ac.kr/search/tot,0
책 좀 찾아주세요,도서관 홈페이지에서 통합검색 탭을 통해 도서관의 모든 자료를 이용하실 수 있습니다. 도서 검색 링크입니다. https://honors.hongik.ac.kr/search/tot,0
책 좀 찾아주실 수 있을까요?,도서관 홈페이지에서 통합검색 탭을 통해 도서관의 모든 자료를 이용하실 수 있습니다. 도서 검색 링크입니다. https://honors.hongik.ac.kr/search/tot,0
책을 찾아주시겠어요?,도서관 홈페이지에서 통합검색 탭을 통해 도서관의 모든 자료를 이용하실 수 있습니다. 도서 검색 링크입니다. https://honors.hongik.ac.kr/search/tot,0
책을 찾아주실래요?,도서관 홈페이지에서 통합검색 탭을 통해 도서관의 모든 자료를 이용하실 수 있습니다. 도서 검색 링크입니다. https://honors.hongik.ac.kr/search/tot,0
책을 찾아주실 수 있나요?,도서관 홈페이지에서 통합검색 탭을 통해 도서관의 모든 자료를 이용하실 수 있습니다. 도서 검색 링크입니다. https://honors.hongik.ac.kr/search/tot,0
책 좀 찾아줄 수 있을까요?,도서관 홈페이지에서 통합검색 탭을 통해 도서관의 모든 자료를 이용하실 수 있습니다. 도서 검색 링크입니다. https://honors.hongik.ac.kr/search/tot,0
책을 찾아주실 수 있어요?,도서관 홈페이지에서 통합검색 탭을 통해 도서관의 모든 자료를 이용하실 수 있습니다. 도서 검색 링크입니다. https://honors.hongik.ac.kr/search/tot,0
책을 찾아주실 수 있을까요?,도서관 홈페이지에서 통합검색 탭을 통해 도서관의 모든 자료를 이용하실 수 있습니다. 도서 검색 링크입니다. https://honors.hongik.ac.kr/search/tot,0
책을 찾아주실 수 있으신가요?,도서관 홈페이지에서 통합검색 탭을 통해 도서관의 모든 자료를 이용하실 수 있습니다. 도서 검색 링크입니다. https://honors.hongik.ac.kr/search/tot,0
책 좀 찾아주실 수 있을까요?,도서관 홈페이지에서 통합검색 탭을 통해 도서관의 모든 자료를 이용하실 수 있습니다. 도서 검색 링크입니다. https://honors.hongik.ac.kr/search/tot,0
도서관에서는 어떤 서비스를 제공하나요?,"도서 대출, 전자책 대여, 도서구입신청, 원문복사, 상호대차, 공동학습실 대여 등 다양한 서비스를 제공하고 있습니다. 자세한 정보는 도서관 홈페이지를 참고해주세요! 바로가기: https://honors.hongik.ac.kr/",0
도서관에서는 어떠한 서비스들을 제공하나요?,"도서 대출, 전자책 대여, 도서구입신청, 원문복사, 상호대차, 공동학습실 대여 등 다양한 서비스를 제공하고 있습니다. 자세한 정보는 도서관 홈페이지를 참고해주세요! 바로가기: https://honors.hongik.ac.kr/",0
도서관에서는 어떤 종류의 서비스를 제공하나요?,"도서 대출, 전자책 대여, 도서구입신청, 원문복사, 상호대차, 공동학습실 대여 등 다양한 서비스를 제공하고 있습니다. 자세한 정보는 도서관 홈페이지를 참고해주세요! 바로가기: https://honors.hongik.ac.kr/",0
도서관에서는 무슨 서비스를 제공하는지 알 수 있을까요?,"도서 대출, 전자책 대여, 도서구입신청, 원문복사, 상호대차, 공동학습실 대여 등 다양한 서비스를 제공하고 있습니다. 자세한 정보는 도서관 홈페이지를 참고해주세요! 바로가기: https://honors.hongik.ac.kr/",0
도서관에서는 어떤 서비스들을 이용할 수 있나요?,"도서 대출, 전자책 대여, 도서구입신청, 원문복사, 상호대차, 공동학습실 대여 등 다양한 서비스를 제공하고 있습니다. 자세한 정보는 도서관 홈페이지를 참고해주세요! 바로가기: https://honors.hongik.ac.kr/",0
도서관에서 제공하는 서비스는 무엇인가요?,"도서 대출, 전자책 대여, 도서구입신청, 원문복사, 상호대차, 공동학습실 대여 등 다양한 서비스를 제공하고 있습니다. 자세한 정보는 도서관 홈페이지를 참고해주세요! 바로가기: https://honors.hongik.ac.kr/",0
도서관에서는 어떤 서비스를 이용할 수 있나요?,"도서 대출, 전자책 대여, 도서구입신청, 원문복사, 상호대차, 공동학습실 대여 등 다양한 서비스를 제공하고 있습니다. 자세한 정보는 도서관 홈페이지를 참고해주세요! 바로가기: https://honors.hongik.ac.kr/",0
도서관에서 이용할 수 있는 서비스는 무엇인가요?,"도서 대출, 전자책 대여, 도서구입신청, 원문복사, 상호대차, 공동학습실 대여 등 다양한 서비스를 제공하고 있습니다. 자세한 정보는 도서관 홈페이지를 참고해주세요! 바로가기: https://honors.hongik.ac.kr/",0
도서관에서 어떤 서비스를 받을 수 있나요?,"도서 대출, 전자책 대여, 도서구입신청, 원문복사, 상호대차, 공동학습실 대여 등 다양한 서비스를 제공하고 있습니다. 자세한 정보는 도서관 홈페이지를 참고해주세요! 바로가기: https://honors.hongik.ac.kr/",0
도서관에서는 어떤 유형의 서비스를 제공하나요?,"도서 대출, 전자책 대여, 도서구입신청, 원문복사, 상호대차, 공동학습실 대여 등 다양한 서비스를 제공하고 있습니다. 자세한 정보는 도서관 홈페이지를 참고해주세요! 바로가기: https://honors.hongik.ac.kr/",0
개인 물건을 가지고 들어가도 되나요?,당연히 가능합니다. 하지만 분실 위험이 있으니 자리를 비울 땐 주의해 주세요.,0
개인 물건을 들고 들어갈 수 있나요?,당연히 가능합니다. 하지만 분실 위험이 있으니 자리를 비울 땐 주의해 주세요.,0
개인 물건을 가지고 입장해도 괜찮을까요?,당연히 가능합니다. 하지만 분실 위험이 있으니 자리를 비울 땐 주의해 주세요.,0
개인 물건을 가지고 들어가도 문제 없나요?,당연히 가능합니다. 하지만 분실 위험이 있으니 자리를 비울 땐 주의해 주세요.,0
개인 물건을 가지고 들어가는 것이 허용되나요?,당연히 가능합니다. 하지만 분실 위험이 있으니 자리를 비울 땐 주의해 주세요.,0
개인 물건을 들고 들어가는 것은 괜찮나요?,당연히 가능합니다. 하지만 분실 위험이 있으니 자리를 비울 땐 주의해 주세요.,0
개인 물건을 가지고 들어가는 것이 가능한가요?,당연히 가능합니다. 하지만 분실 위험이 있으니 자리를 비울 땐 주의해 주세요.,0
개인 물건을 들고 들어가도 되는 건가요?,당연히 가능합니다. 하지만 분실 위험이 있으니 자리를 비울 땐 주의해 주세요.,0
개인 물건을 가지고 들어갈 수 있을까요?,당연히 가능합니다. 하지만 분실 위험이 있으니 자리를 비울 땐 주의해 주세요.,0
개인 물건을 가지고 들어가는 것이 허용될까요?,당연히 가능합니다. 하지만 분실 위험이 있으니 자리를 비울 땐 주의해 주세요.,0
논문 주제 어떻게 정하면 좋을까요?,논문작성가이드: https://honors.hongik.ac.kr/local/html/thesis_01,0
논문 주제를 어떻게 결정하면 좋을까요?,논문작성가이드: https://honors.hongik.ac.kr/local/html/thesis_01,0
논문 주제는 어떻게 선정하면 좋을까요?,논문작성가이드: https://honors.hongik.ac.kr/local/html/thesis_01,0
논문 주제를 어떤 방식으로 정하면 좋을까요?,논문작성가이드: https://honors.hongik.ac.kr/local/html/thesis_01,0
논문 주제를 어떻게 선택하면 좋을까요?,논문작성가이드: https://honors.hongik.ac.kr/local/html/thesis_01,0
어떻게 하면 논문 주제를 잘 정할 수 있을까요?,논문작성가이드: https://honors.hongik.ac.kr/local/html/thesis_01,0
논문 주제를 어떻게 결정하는 것이 좋을까요?,논문작성가이드: https://honors.hongik.ac.kr/local/html/thesis_01,0
어떤 방법으로 논문 주제를 정하면 좋을까요?,논문작성가이드: https://honors.hongik.ac.kr/local/html/thesis_01,0
논문 주제를 어떻게 선정하는 것이 좋을까요?,논문작성가이드: https://honors.hongik.ac.kr/local/html/thesis_01,0
어떻게 하면 논문 주제를 적절하게 정할 수 있을까요?,논문작성가이드: https://honors.hongik.ac.kr/local/html/thesis_01,0
도서관 이용 교육은 어떻게 진행되나요?,도서관 이용교육: https://honors.hongik.ac.kr/local/html/intro 자세한 이용교육 정보는 도서관 홈페이지의 학술공지에 안내되어 있습니다!,0
도서관 이용 교육은 어떤 방식으로 진행되나요?,도서관 이용교육: https://honors.hongik.ac.kr/local/html/intro 자세한 이용교육 정보는 도서관 홈페이지의 학술공지에 안내되어 있습니다!,0
도서관 이용 교육은 어떻게 이루어지나요?,도서관 이용교육: https://honors.hongik.ac.kr/local/html/intro 자세한 이용교육 정보는 도서관 홈페이지의 학술공지에 안내되어 있습니다!,0
도서관 이용 교육은 어떤 절차로 진행되나요?,도서관 이용교육: https://honors.hongik.ac.kr/local/html/intro 자세한 이용교육 정보는 도서관 홈페이지의 학술공지에 안내되어 있습니다!,0
도서관 이용 교육은 어떻게 진행되는지 설명해주실 수 있나요?,도서관 이용교육: https://honors.hongik.ac.kr/local/html/intro 자세한 이용교육 정보는 도서관 홈페이지의 학술공지에 안내되어 있습니다!,0
도서관 이용 교육의 진행 방식은 어떤가요?,도서관 이용교육: https://honors.hongik.ac.kr/local/html/intro 자세한 이용교육 정보는 도서관 홈페이지의 학술공지에 안내되어 있습니다!,0
도서관 이용 교육은 어떤 과정으로 진행되나요?,도서관 이용교육: https://honors.hongik.ac.kr/local/html/intro 자세한 이용교육 정보는 도서관 홈페이지의 학술공지에 안내되어 있습니다!,0
도서관 이용 교육의 진행 과정은 어떻게 되나요?,도서관 이용교육: https://honors.hongik.ac.kr/local/html/intro 자세한 이용교육 정보는 도서관 홈페이지의 학술공지에 안내되어 있습니다!,0
도서관 이용 교육은 어떠한 방식으로 이루어지나요?,도서관 이용교육: https://honors.hongik.ac.kr/local/html/intro 자세한 이용교육 정보는 도서관 홈페이지의 학술공지에 안내되어 있습니다!,0
도서관 이용 교육의 진행 방법은 어떤가요?,도서관 이용교육: https://honors.hongik.ac.kr/local/html/intro 자세한 이용교육 정보는 도서관 홈페이지의 학술공지에 안내되어 있습니다!,0
스터디룸 예약은 어떻게 할 수 있나요?,"아래 링크에서 도서관 홈페이지 로그인 후, 예약하실 수 있습니다. https://honors.hongik.ac.kr/local/html/roomreserve",0
스터디룸 예약을 어떻게 할 수 있을까요?,"아래 링크에서 도서관 홈페이지 로그인 후, 예약하실 수 있습니다. https://honors.hongik.ac.kr/local/html/roomreserve",0
스터디룸을 예약하려면 어떻게 해야 하나요?,"아래 링크에서 도서관 홈페이지 로그인 후, 예약하실 수 있습니다. https://honors.hongik.ac.kr/local/html/roomreserve",0
스터디룸 예약 방법은 어떤 것인가요?,"아래 링크에서 도서관 홈페이지 로그인 후, 예약하실 수 있습니다. https://honors.hongik.ac.kr/local/html/roomreserve",0
스터디룸 예약은 어떤 방식으로 하나요?,"아래 링크에서 도서관 홈페이지 로그인 후, 예약하실 수 있습니다. https://honors.hongik.ac.kr/local/html/roomreserve",0
스터디룸을 어떻게 예약할 수 있나요?,"아래 링크에서 도서관 홈페이지 로그인 후, 예약하실 수 있습니다. https://honors.hongik.ac.kr/local/html/roomreserve",0
스터디룸 예약 절차가 어떻게 되나요?,"아래 링크에서 도서관 홈페이지 로그인 후, 예약하실 수 있습니다. https://honors.hongik.ac.kr/local/html/roomreserve",0
스터디룸을 예약하는 방법을 알려주실 수 있나요?,"아래 링크에서 도서관 홈페이지 로그인 후, 예약하실 수 있습니다. https://honors.hongik.ac.kr/local/html/roomreserve",0
스터디룸 예약은 어떤 절차로 진행하나요?,"아래 링크에서 도서관 홈페이지 로그인 후, 예약하실 수 있습니다. https://honors.hongik.ac.kr/local/html/roomreserve",0
스터디룸 예약은 어떻게 진행할 수 있나요?,"아래 링크에서 도서관 홈페이지 로그인 후, 예약하실 수 있습니다. https://honors.hongik.ac.kr/local/html/roomreserve",0
도서관에서는 어떻게 책을 예약하나요?,도서관 홈페이지에서 통합검색 탭을 통해 도서관의 모든 자료를 이용하실 수 있습니다. 도서 검색 링크입니다. https://honors.hongik.ac.kr/search/tot,0
도서관에서 책 예약은 어떻게 하나요?,도서관 홈페이지에서 통합검색 탭을 통해 도서관의 모든 자료를 이용하실 수 있습니다. 도서 검색 링크입니다. https://honors.hongik.ac.kr/search/tot,0
도서관에서 책을 예약하려면 어떻게 해야 하나요?,도서관 홈페이지에서 통합검색 탭을 통해 도서관의 모든 자료를 이용하실 수 있습니다. 도서 검색 링크입니다. https://honors.hongik.ac.kr/search/tot,0
도서관에서 책 예약 방법은 무엇인가요?,도서관 홈페이지에서 통합검색 탭을 통해 도서관의 모든 자료를 이용하실 수 있습니다. 도서 검색 링크입니다. https://honors.hongik.ac.kr/search/tot,0
도서관에서 어떻게 책을 예약할 수 있나요?,도서관 홈페이지에서 통합검색 탭을 통해 도서관의 모든 자료를 이용하실 수 있습니다. 도서 검색 링크입니다. https://honors.hongik.ac.kr/search/tot,0
도서관에서 책 예약은 어떤 방식으로 진행하나요?,도서관 홈페이지에서 통합검색 탭을 통해 도서관의 모든 자료를 이용하실 수 있습니다. 도서 검색 링크입니다. https://honors.hongik.ac.kr/search/tot,0
도서관에서 책을 예약하는 방법을 알려주실 수 있나요?,도서관 홈페이지에서 통합검색 탭을 통해 도서관의 모든 자료를 이용하실 수 있습니다. 도서 검색 링크입니다. https://honors.hongik.ac.kr/search/tot,0
도서관에서는 책 예약을 어떻게 진행하나요?,도서관 홈페이지에서 통합검색 탭을 통해 도서관의 모든 자료를 이용하실 수 있습니다. 도서 검색 링크입니다. https://honors.hongik.ac.kr/search/tot,0
도서관에서 책을 예약하려면 어떤 절차를 따라야 하나요?,도서관 홈페이지에서 통합검색 탭을 통해 도서관의 모든 자료를 이용하실 수 있습니다. 도서 검색 링크입니다. https://honors.hongik.ac.kr/search/tot,0
도서관에서는 어떻게 책 예약을 할 수 있나요?,도서관 홈페이지에서 통합검색 탭을 통해 도서관의 모든 자료를 이용하실 수 있습니다. 도서 검색 링크입니다. https://honors.hongik.ac.kr/search/tot,0
도서관에서 복사나 인쇄 할수있나요?,"중앙도서관 참고자료실, 멀티자료실, 정기간행물 실 등에서 이용 가능합니다.",0
도서관에서 문서 복사나 인쇄가 가능한가요?,"중앙도서관 참고자료실, 멀티자료실, 정기간행물 실 등에서 이용 가능합니다.",0
도서관에서 복사나 인쇄 작업을 할 수 있을까요?,"중앙도서관 참고자료실, 멀티자료실, 정기간행물 실 등에서 이용 가능합니다.",0
도서관에서는 복사나 인쇄를 할 수 있나요?,"중앙도서관 참고자료실, 멀티자료실, 정기간행물 실 등에서 이용 가능합니다.",0
도서관에서 복사나 인쇄가 가능한지 알고 싶습니다.,"중앙도서관 참고자료실, 멀티자료실, 정기간행물 실 등에서 이용 가능합니다.",0
도서관에서 문서를 복사하거나 인쇄할 수 있나요?,"중앙도서관 참고자료실, 멀티자료실, 정기간행물 실 등에서 이용 가능합니다.",0
도서관에서 복사나 인쇄 서비스를 이용할 수 있나요?,"중앙도서관 참고자료실, 멀티자료실, 정기간행물 실 등에서 이용 가능합니다.",0
도서관에서 복사나 인쇄는 가능한가요?,"중앙도서관 참고자료실, 멀티자료실, 정기간행물 실 등에서 이용 가능합니다.",0
도서관에서는 복사하거나 인쇄할 수 있나요?,"중앙도서관 참고자료실, 멀티자료실, 정기간행물 실 등에서 이용 가능합니다.",0
도서관에서 인쇄나 복사가 가능한가요?,"중앙도서관 참고자료실, 멀티자료실, 정기간행물 실 등에서 이용 가능합니다.",0
도서 대출하는 곳은 어디인가요?,h동 3층 대출대로 가시면 됩니다!,0
도서 대출을 위한 장소는 어디인가요?,h동 3층 대출대로 가시면 됩니다!,0
도서 대출이 가능한 곳은 어디일까요?,h동 3층 대출대로 가시면 됩니다!,0
도서를 대출할 수 있는 곳은 어디인가요?,h동 3층 대출대로 가시면 됩니다!,0
도서 대출을 할 수 있는 장소는 어디일까요?,h동 3층 대출대로 가시면 됩니다!,0
어디에서 도서를 대출할 수 있나요?,h동 3층 대출대로 가시면 됩니다!,0
도서 대출을 위해 가야 할 곳은 어디인가요?,h동 3층 대출대로 가시면 됩니다!,0
어디에서 도서 대출을 할 수 있나요?,h동 3층 대출대로 가시면 됩니다!,0
도서 대출 서비스를 제공하는 곳은 어디인가요?,h동 3층 대출대로 가시면 됩니다!,0
도서를 대출하려면 어디로 가야 하나요?,h동 3층 대출대로 가시면 됩니다!,0
책 반납은 어디서 하나요?,학교 캠퍼스내에 설치된 무인반납기 or 중앙도서관 H동 3층에서 가능해요.,0
책을 반납하는 장소는 어디인가요?,학교 캠퍼스내에 설치된 무인반납기 or 중앙도서관 H동 3층에서 가능해요.,0
어디에서 책을 반납할 수 있나요?,학교 캠퍼스내에 설치된 무인반납기 or 중앙도서관 H동 3층에서 가능해요.,0
책 반납은 어디에서 진행하나요?,학교 캠퍼스내에 설치된 무인반납기 or 중앙도서관 H동 3층에서 가능해요.,0
책 반납을 할 수 있는 곳은 어디인가요?,학교 캠퍼스내에 설치된 무인반납기 or 중앙도서관 H동 3층에서 가능해요.,0
어디로 가야 책을 반납할 수 있나요?,학교 캠퍼스내에 설치된 무인반납기 or 중앙도서관 H동 3층에서 가능해요.,0
도서 반납 장소는 어디인가요?,학교 캠퍼스내에 설치된 무인반납기 or 중앙도서관 H동 3층에서 가능해요.,0
어디에서 도서 반납을 할 수 있나요?,학교 캠퍼스내에 설치된 무인반납기 or 중앙도서관 H동 3층에서 가능해요.,0
책을 반납하려면 어디로 가야 하나요?,학교 캠퍼스내에 설치된 무인반납기 or 중앙도서관 H동 3층에서 가능해요.,0
도서를 반납하는 장소는 어디일까요?,학교 캠퍼스내에 설치된 무인반납기 or 중앙도서관 H동 3층에서 가능해요.,0
학위논문을 찾고 있어요.,국내외 석박사 학위논문을 열람할 수 있는 링크를 드리겠습니다. https://honors.hongik.ac.kr/local/html/thesis,0
학위논문을 찾고 있습니다.,국내외 석박사 학위논문을 열람할 수 있는 링크를 드리겠습니다. https://honors.hongik.ac.kr/local/html/thesis,0
학위논문을 찾는 중입니다.,국내외 석박사 학위논문을 열람할 수 있는 링크를 드리겠습니다. https://honors.hongik.ac.kr/local/html/thesis,0
학위논문을 뒤지고 있어요.,국내외 석박사 학위논문을 열람할 수 있는 링크를 드리겠습니다. https://honors.hongik.ac.kr/local/html/thesis,0
학위논문을 찾아보고 있어요.,국내외 석박사 학위논문을 열람할 수 있는 링크를 드리겠습니다. https://honors.hongik.ac.kr/local/html/thesis,0
학위논문을 찾아보는 중입니다.,국내외 석박사 학위논문을 열람할 수 있는 링크를 드리겠습니다. https://honors.hongik.ac.kr/local/html/thesis,0
학위논문을 찾는데 있어요.,국내외 석박사 학위논문을 열람할 수 있는 링크를 드리겠습니다. https://honors.hongik.ac.kr/local/html/thesis,0
학위논문을 찾아가고 있습니다.,국내외 석박사 학위논문을 열람할 수 있는 링크를 드리겠습니다. https://honors.hongik.ac.kr/local/html/thesis,0
학위논문을 찾으려고 하고 있어요.,국내외 석박사 학위논문을 열람할 수 있는 링크를 드리겠습니다. https://honors.hongik.ac.kr/local/html/thesis,0
학위논문을 찾는데 집중하고 있어요.,국내외 석박사 학위논문을 열람할 수 있는 링크를 드리겠습니다. https://honors.hongik.ac.kr/local/html/thesis,0
피티룸 예약을 하고싶어요,"아래 링크에서 도서관 홈페이지 로그인 후, 예약하실 수 있습니다. https://honors.hongik.ac.kr/local/html/roomreserve",0
피티룸을 예약하려고 합니다.,"아래 링크에서 도서관 홈페이지 로그인 후, 예약하실 수 있습니다. https://honors.hongik.ac.kr/local/html/roomreserve",0
피티룸 예약을 원합니다.,"아래 링크에서 도서관 홈페이지 로그인 후, 예약하실 수 있습니다. https://honors.hongik.ac.kr/local/html/roomreserve",0
피티룸 예약을 진행하고 싶습니다.,"아래 링크에서 도서관 홈페이지 로그인 후, 예약하실 수 있습니다. https://honors.hongik.ac.kr/local/html/roomreserve",0
피티룸을 예약하고자 합니다.,"아래 링크에서 도서관 홈페이지 로그인 후, 예약하실 수 있습니다. https://honors.hongik.ac.kr/local/html/roomreserve",0
피티룸 예약을 하려 합니다.,"아래 링크에서 도서관 홈페이지 로그인 후, 예약하실 수 있습니다. https://honors.hongik.ac.kr/local/html/roomreserve",0
피티룸 예약을 계획하고 있어요.,"아래 링크에서 도서관 홈페이지 로그인 후, 예약하실 수 있습니다. https://honors.hongik.ac.kr/local/html/roomreserve",0
피티룸을 예약하기 원합니다.,"아래 링크에서 도서관 홈페이지 로그인 후, 예약하실 수 있습니다. https://honors.hongik.ac.kr/local/html/roomreserve",0
피티룸 예약을 하려는 의향이 있어요.,"아래 링크에서 도서관 홈페이지 로그인 후, 예약하실 수 있습니다. https://honors.hongik.ac.kr/local/html/roomreserve",0
피티룸 예약을 하고자 하는데요.,"아래 링크에서 도서관 홈페이지 로그인 후, 예약하실 수 있습니다. https://honors.hongik.ac.kr/local/html/roomreserve",0
도서관 위치가 어디에 있나요?,"중앙도서관은 H동, Q동(정보통신센터) 에 위치하고 있으며, 법학도서관은 R동(홍문관) 8층에 있어요!",0
도서관은 어디에 위치하고 있나요?,"중앙도서관은 H동, Q동(정보통신센터) 에 위치하고 있으며, 법학도서관은 R동(홍문관) 8층에 있어요!",0
도서관의 위치를 알려주실 수 있나요?,"중앙도서관은 H동, Q동(정보통신센터) 에 위치하고 있으며, 법학도서관은 R동(홍문관) 8층에 있어요!",0
도서관은 어디에 있나요?,"중앙도서관은 H동, Q동(정보통신센터) 에 위치하고 있으며, 법학도서관은 R동(홍문관) 8층에 있어요!",0
도서관은 어느 위치에 있나요?,"중앙도서관은 H동, Q동(정보통신센터) 에 위치하고 있으며, 법학도서관은 R동(홍문관) 8층에 있어요!",0
도서관의 위치는 어디인가요?,"중앙도서관은 H동, Q동(정보통신센터) 에 위치하고 있으며, 법학도서관은 R동(홍문관) 8층에 있어요!",0
도서관이 어디에 위치해 있나요?,"중앙도서관은 H동, Q동(정보통신센터) 에 위치하고 있으며, 법학도서관은 R동(홍문관) 8층에 있어요!",0
도서관의 위치를 알 수 있을까요?,"중앙도서관은 H동, Q동(정보통신센터) 에 위치하고 있으며, 법학도서관은 R동(홍문관) 8층에 있어요!",0
도서관이 어느 곳에 위치하고 있나요?,"중앙도서관은 H동, Q동(정보통신센터) 에 위치하고 있으며, 법학도서관은 R동(홍문관) 8층에 있어요!",0
도서관이 어디에 자리하고 있나요?,"중앙도서관은 H동, Q동(정보통신센터) 에 위치하고 있으며, 법학도서관은 R동(홍문관) 8층에 있어요!",0
홍대 도서관 가려면 어디로 가야해요?,"중앙도서관 입구는 H동 3층, Q동 7층에 있으며 학생증을 꼭 가져오셔야 출입 가능해요!",0
홍대 도서관으로 가려면 어느 길을 따라가야 하나요?,"중앙도서관 입구는 H동 3층, Q동 7층에 있으며 학생증을 꼭 가져오셔야 출입 가능해요!",0
홍대 도서관으로 가기 위해서는 어디로 가야 합니까?,"중앙도서관 입구는 H동 3층, Q동 7층에 있으며 학생증을 꼭 가져오셔야 출입 가능해요!",0
홍대 도서관으로 가는 방향은 어디인가요?,"중앙도서관 입구는 H동 3층, Q동 7층에 있으며 학생증을 꼭 가져오셔야 출입 가능해요!",0
홍대 도서관으로 가는 길은 어디로 가야 하나요?,"중앙도서관 입구는 H동 3층, Q동 7층에 있으며 학생증을 꼭 가져오셔야 출입 가능해요!",0
홍대 도서관을 찾으려면 어떤 길을 가야 하나요?,"중앙도서관 입구는 H동 3층, Q동 7층에 있으며 학생증을 꼭 가져오셔야 출입 가능해요!",0
홍대 도서관으로 어떻게 가야 하나요?,"중앙도서관 입구는 H동 3층, Q동 7층에 있으며 학생증을 꼭 가져오셔야 출입 가능해요!",0
홍대 도서관을 가려면 어느 방향으로 가야 합니까?,"중앙도서관 입구는 H동 3층, Q동 7층에 있으며 학생증을 꼭 가져오셔야 출입 가능해요!",0
홍대 도서관으로 가는 루트는 어디인가요?,"중앙도서관 입구는 H동 3층, Q동 7층에 있으며 학생증을 꼭 가져오셔야 출입 가능해요!",0
홍대 도서관에 가려면 어떤 경로를 따라가야 하나요?,"중앙도서관 입구는 H동 3층, Q동 7층에 있으며 학생증을 꼭 가져오셔야 출입 가능해요!",0